id	sequence	SRR1519863	SRR1519841	SRR1519828	SRR1519824	SRR1519853	SRR1519819	SRR1519851	SRR1519837	SRR1519855	SRR1519825	SRR1519811	SRR1519821	SRR1519829	SRR1519862	SRR1519848	SRR1519852	SRR1519806	SRR1519857	SRR1519850	SRR1519832	SRR1519835	SRR1519856	SRR1519860	SRR1519813	SRR1519833	SRR1519808	SRR1519815	SRR1519858	SRR1519823	SRR1519812	SRR1519804	SRR1519830	SRR1519809	SRR1519844	SRR1519807	SRR1519861	SRR1519854	SRR1519818	SRR1519840	SRR1519831	SRR1519864	SRR1519834	SRR1519836	SRR1519826	SRR1519849	SRR1519816	SRR1519859	SRR1519827	SRR1519817	SRR1519838	SRR1519846	SRR1519805	SRR1519822	SRR1519810	SRR1519814	SRR1519842	SRR1519820	SRR1519839	SRR1519845	SRR1519847	SRR1519843
10002456	TGCAGGATTCTGCCAAGTAAATATTAGCGGTTGAATAAGAGTGCACAGACTTGGATTTTTTTGCAGAACAACATTTGATTATGCTGTACTTTAAG	16	7	0	0	12	0	0	9	0	0	0	0	0	17	6	8	0	7	8	0	12	9	12	0	0	0	0	16	0	0	0	0	0	0	0	6	7	0	0	0	11	5	0	0	0	0	0	0	0	17	18	0	0	0	0	0	0	9	14	18	8
10041901	TGCAGGAATAATAAGATGGCCAAAGGAAGAGATACAGAGCACGGATGTTAAGACACAAAACCTCCTCACTGTACATGGATGGTTCCATCCCAAAT	27	2	0	0	22	0	0	37	0	0	0	0	0	52	41	21	0	9	17	0	42	3	33	0	0	0	0	44	0	0	0	0	0	0	0	21	9	0	0	0	29	48	0	0	0	0	0	0	0	42	26	0	0	0	0	0	0	25	37	41	19
10079354	TGCAGGAATAATCACATGGCCAAAGGAAGAGATACAGACCATGGATGTTAAGACATGAAAGCTCCTTACCATGCATGGAGGGTTCCATCCCAAAT	40	8	0	0	31	0	0	44	0	0	0	0	0	50	36	31	0	29	18	0	56	22	45	0	0	0	0	60	0	0	0	0	0	0	0	35	21	0	0	0	39	61	1	0	0	0	0	0	0	42	33	0	0	0	0	0	0	42	41	40	19
10080050	TGCAGGTTGGACTGGGGAGGGAGGGAGAGGTGTTGAGGTGTGACAGTGTCATCTCTAAGTGAGGGTGGTCGCCAAGAGTCGGTGCGCAGCCTCAT	47	9	0	0	36	0	0	40	0	0	0	0	0	44	35	25	0	4	9	0	51	11	44	0	0	0	0	52	0	0	0	0	0	0	0	34	23	0	0	0	34	55	0	0	0	0	0	0	0	44	18	0	0	0	0	0	0	49	34	31	31
10087275	TGCAGGGCCTTTCTGGCAGTGCTTGAGTGAGTCAGAGCTTCAGACACCAGTGTTTAGCCTGTTATCCAGAAACATATCCATGAGGATAACTAATA	31	5	0	0	21	0	23	36	40	0	0	0	0	43	19	22	0	16	20	0	39	22	33	0	0	0	0	40	0	0	0	0	0	0	0	33	15	0	35	0	46	39	55	0	60	0	1	1	0	55	24	0	0	0	0	29	0	31	36	35	27
10106041	TGCAGGACAGCGCTGGAGGTGATTCTTTACAACTTTCTGGAGAAGAGGCGGAGTCTCTTCTTTCAGGCTCCTTTAAACTAACGTATCCACGTTTC	33	9	0	0	11	0	19	46	34	0	0	0	0	50	44	14	0	10	5	0	37	30	48	0	0	0	0	45	0	0	0	0	0	0	0	23	16	0	48	0	25	36	38	0	54	0	0	0	0	46	26	0	0	0	0	17	0	39	29	38	18
10116070	TGCAGGAACTACATTTTCTGCAGGCGGTGCCGGATTGTTCAGCAGCTGCTGTGTTGGAGCTTGAAGAAAAGGTGACTCGCGAATCGATGGAAAGC	18	6	0	0	14	0	12	16	24	0	0	0	0	25	24	12	0	8	7	0	27	9	14	0	0	0	0	35	0	22	0	0	0	0	13	22	9	0	25	0	14	19	23	0	43	0	0	0	0	19	7	0	0	14	0	26	0	18	25	26	10
10160318	TGCAGGAGAGTGCGAGACGAAACCAAGAGAATCTGACTTTGTCAAACTCAATATTCCTCCATAATGTACTAGGCCTCTCTGGCGCATGCTTGATC	23	16	13	18	11	0	13	24	28	0	0	0	0	30	25	10	0	11	14	0	17	23	16	0	0	0	14	38	11	0	16	24	0	0	0	18	19	0	35	0	9	39	36	0	25	0	0	10	0	25	12	0	0	0	0	21	0	16	22	18	18
10160685	TGCAGGGACATGTTCAGTTCATTCAGTTTCCTGAATATATCTGGCAGATAGCAAAGCAAGCCAGTCCATGTTCTCAAGCATGGTGGCATGGGGAG	67	14	0	1	31	1	27	60	64	0	0	0	0	92	54	25	0	19	30	0	62	53	66	0	0	0	0	60	0	0	0	0	0	1	0	36	34	0	68	0	53	66	101	0	73	0	0	1	0	74	31	0	1	0	0	40	0	66	50	53	34
10173901	TGCAGGGGAGGGAATGAGAGGCAGGCTGGATTTGTGCAGGGGAGCGACTGAAGGCAGCCTGGATCGTGCTTTGTCTGAGAGCCGCCCTCAGGCAG	35	14	2	0	15	0	0	22	42	2	1	0	1	72	53	18	0	21	6	0	54	23	49	0	1	0	1	36	1	0	1	0	1	1	0	41	27	1	43	1	31	42	45	0	1	1	1	0	0	39	18	1	0	1	0	1	1	35	33	41	42
10184529	TGCAGGGAATTTTTAAAAAAAAATATTTTTATCTCTGTTTGCAAATCTGCATTTAAGGTCCACAATCAACACCCCAAGTATTTCTAAACATGCAT	13	8	0	0	6	0	0	8	0	0	0	0	0	22	12	5	0	4	10	0	19	16	12	0	0	0	0	20	0	0	0	0	0	0	0	12	6	0	0	0	18	18	0	0	0	0	0	0	0	19	9	0	0	0	0	0	0	17	20	17	13
10206051	TGCAGGTTTTCATGGGACCTGAGTTTCAATAAAGTTGGGGTTTTTCTTTTATCTAATGTTGTCTGAGAATAAAGGCACCATTGAACTGCACTGGA	11	2	0	0	13	0	10	10	22	0	0	0	0	16	19	8	0	1	8	0	21	5	17	0	0	0	0	22	0	0	0	0	0	0	0	12	8	0	15	0	14	17	22	0	19	0	0	0	0	19	8	0	0	0	0	11	0	10	19	15	27
10215483	TGCAGGAATTAAAAGAACATGGCAGCAGCTAAAAATGAAGTATAAAACATAATTCAATCAGGTCAAATTTGAGCATGTCATTGATGTAGGCTTTG	31	10	0	0	19	0	42	36	31	0	0	0	0	33	39	13	0	18	17	0	50	20	27	0	0	0	0	37	1	0	0	0	0	0	0	13	16	0	16	0	27	42	43	0	36	0	0	0	0	34	21	0	0	0	0	15	0	32	24	22	26
10238500	TGCAGGGGGTGCTGTTGCTGCAATGCTTGTTCTCATTGGGCCAGCTGGGGTCCCGCTCTGTGGTCTTATAGCCATGGAGTGGGCCCTAGCCTGCT	53	15	62	25	36	0	24	49	74	0	0	0	0	60	56	18	0	18	25	0	55	32	47	0	0	0	41	79	45	0	28	56	0	1	0	35	23	0	69	0	46	56	63	0	67	0	0	21	0	81	33	0	0	0	0	40	0	44	41	60	26
10251371	TGCAGGGACAGCAGGTTCATCCGCTACTGAAGACTAATGCTAAACAGAACCGACACCTGTGGGGAAAACAGTTTCCGGTAGCAGAAAAGGCATGG	31	13	0	0	22	0	22	25	39	0	0	0	0	51	25	18	0	9	11	0	46	6	20	0	0	0	2	36	0	0	0	0	0	0	0	22	10	0	35	0	24	39	35	0	36	0	0	0	0	37	17	0	0	0	0	23	0	21	40	19	19
10268660	TGCAGGAGTGGCTTGCAAAGATGGCACAGACCAAGAACACAGGTGGGTTTGTGATCAAATTGTCATTATGATTTAAGAATGGATGTGTATCCATA	25	7	0	0	6	0	17	12	14	0	0	0	0	25	26	5	0	5	5	0	17	14	11	0	0	0	0	20	0	0	0	0	0	0	0	10	8	0	19	0	5	22	24	0	17	0	0	0	0	20	9	0	0	0	0	11	0	10	12	24	14
10269267	TGCAGGCTTTCTCCAGCCGCCCGGGTCCGCGCTGCCAGGCTGGTCCTGAAGCGCTCCAGAGCCTGCCGCTGACCGAAAGCCTCTTCCAGCTTCTC	35	12	0	0	20	0	22	42	43	0	0	0	0	66	62	11	0	12	7	0	63	24	43	0	0	0	0	61	0	0	0	0	0	0	0	24	26	0	34	0	43	65	48	0	66	0	0	0	0	48	26	0	0	0	0	33	0	43	35	35	24
10293613	TGCAGGTTTTACATTTACAATCCACATGCAAATGTGGTGGAATGAAGGGCACCATAAAGACGCGGCTCATCACGGCGCAGGAGAGCGTGATTCAT	50	18	0	0	22	0	36	43	52	0	0	0	0	50	53	26	0	12	16	0	56	17	51	0	0	0	0	58	0	0	0	0	0	0	0	35	30	0	104	0	44	72	81	0	55	0	0	0	0	73	43	0	0	0	0	25	0	48	58	36	20
10309106	TGCAGGGACATGTTCAGTTCATCCAGTTTCCTGAATATATCTGCCAGATAGCAAAGCTTTGCAAGCTCCCGTATTTTCACAGAGGCTGCGGAACA	47	8	0	0	20	0	0	46	43	0	0	0	0	56	33	12	0	26	15	0	53	30	37	0	0	0	0	41	0	0	0	0	0	0	0	17	22	0	36	0	43	57	55	0	50	0	0	0	0	65	27	0	0	0	0	0	0	45	45	35	31
10320568	TGCAGGCTTGTACTCTGAGGGTTCATTGATGTAACTTCAAGTTCTGTGTTTGTGTGGAGTCATAAGAGCAGATAGGGTAGACATGCTGTAAATGC	58	5	0	0	31	0	0	34	0	0	0	0	0	41	69	18	0	17	17	0	58	39	36	0	0	0	0	62	0	0	0	0	0	0	0	32	23	0	0	0	52	52	0	0	0	0	0	0	0	65	39	0	0	0	0	0	0	28	61	53	39
10332766	TGCAGGGTATCTGATGACGGGCAGTGCGTAGCTGTTTATTGCCCGGGTCTTATTTTTGCCATTGAGCTGGCTTCTCAGGACTTGCCTTACTCATT	56	17	0	0	26	0	0	60	0	1	1	0	0	86	46	29	0	23	21	1	72	37	60	0	0	0	0	74	0	0	0	1	0	0	0	47	33	0	0	0	73	81	1	0	1	0	0	0	0	66	37	0	0	0	0	0	0	55	34	56	34
10347789	TGCAGGATATGCCAGCTTTCTTTCAAGAGACCTTTAGCACTCGTCTTTTCATCTACCAACATTGGTCTGACATCAAGATTTTACTCAGGGCTGCT	24	4	0	0	12	0	0	17	22	0	0	0	0	39	22	19	0	10	7	0	22	5	20	0	0	0	0	36	0	0	0	0	0	1	0	12	12	1	39	0	24	25	20	0	23	0	0	0	0	21	15	0	0	0	0	0	0	21	24	11	22
10400105	TGCAGGTCTATTGTTTTCCGAAGGTTTTTCTTCCTCATCGGCACCCTGTACCTGTACCGTTGTGTGACCATGTACATCACCACCCTGCCTGTGCC	18	10	0	0	11	0	25	17	32	0	0	0	0	35	30	22	0	3	5	0	29	12	21	0	0	0	0	30	0	0	0	0	0	0	0	18	19	0	22	0	18	32	37	0	29	0	0	0	0	34	28	0	0	0	0	16	0	20	15	28	13
10405195	TGCAGGGTTTATATCTCTGACAGTCGACCCATGTAGCTCAACAGCTGCAGGCTGATGCCATTGTGCTGACAGATGTGTGCTGCTGACTCCTTGGC	52	10	0	0	28	0	38	63	71	0	0	0	0	76	63	16	0	11	26	0	65	45	71	0	0	0	0	84	0	0	0	0	0	0	2	40	30	0	69	0	73	87	88	0	56	0	0	0	0	58	25	0	0	0	0	32	0	47	43	46	35
10432160	TGCAGGTCAGACACCCCCTCCACACACGCAGTCACAAATCATTGAAGAAAAAAGGTTCAGCGCACTGTTTAGTGGGTCTGGATGACCCAGCTCCC	27	12	0	0	15	0	0	28	0	0	0	0	0	44	32	2	0	6	13	0	23	10	28	0	0	0	0	47	0	0	0	0	0	0	0	23	15	0	0	0	26	24	0	0	0	0	0	0	0	33	24	0	0	0	0	0	0	28	41	27	17
10439531	TGCAGGTTTGGGGAATATGTGAGATTTTAAGGAAAGTAGAGAGAAGGAAAGTAATAAATACATGGTACTTTGATTAAAGTAATTTAATCAGGGCA	13	4	0	0	15	0	0	16	16	0	0	0	0	34	22	6	0	10	11	0	18	18	27	0	0	0	0	26	0	0	0	0	0	0	0	15	21	0	15	0	16	22	31	0	27	0	0	0	0	19	11	0	0	0	0	0	0	27	22	30	14
10483880	TGCAGGAGAATGGTGAGCATGCATGCCGTAAGATACAGGAGGAAACAGAAGCAGGTCTGTTTTGAATGCCACATCTAAAGAGTGCCAAACATTCA	36	9	0	0	19	0	35	21	41	0	0	0	0	61	54	15	0	14	11	0	61	25	31	0	0	0	0	42	0	0	0	0	0	0	0	28	17	0	35	0	29	26	43	0	50	0	0	0	0	48	12	0	0	0	0	23	0	35	19	26	19
10582829	TGCAGGCCTTGAAGATCTGTTCTCTGATAACTTCTGTTCTCACTGACCCATGGCGTCTTCTTAGGAACAGCCATTAAACTTATGAGGGGGTAAAC	23	13	0	0	28	0	0	41	44	0	0	0	0	61	31	9	0	10	17	0	54	20	43	0	0	0	0	47	0	0	0	0	0	0	0	37	21	0	76	0	33	57	58	0	51	0	0	0	0	60	26	0	0	0	0	0	0	31	55	28	42
10585919	TGCAGGTGGAGTCAGGCACATTCATCTGGGAGAGTTTTTAATACTAAAGATGTATGAAAGACATACCGAAAAAATATGTCTTTCACTGTTTAACT	33	8	1	0	14	0	1	35	0	0	0	0	0	48	36	18	0	10	7	0	49	21	29	1	0	0	1	36	1	0	0	0	0	0	0	13	32	0	0	0	32	46	1	0	1	0	0	0	0	45	17	1	0	0	1	2	0	12	37	19	35
10622313	TGCAGGATTGCATCTACATGAAAATGACATCAGGGACATTAAATTAGATTAATGTAACAATTACTTTTTGGAAACACAATTTGCTAGTACTGCTT	23	2	0	0	14	0	13	17	21	0	0	0	0	24	17	29	0	7	2	0	29	13	17	0	0	0	0	22	0	0	0	0	0	0	0	10	11	0	35	0	30	15	39	0	26	0	0	0	0	22	16	0	0	0	0	13	0	11	25	21	16
10649760	TGCAGGCGTGTTAACAAGACAAGTTTTATAATTTACGGTACTTTATGATGAATCAAATTATCACCAACTCCTATCTATAAAATAGATCATCGTCT	24	13	0	0	21	0	12	24	13	0	0	0	0	40	22	14	0	15	13	0	30	20	27	0	0	0	0	27	0	0	0	0	0	0	0	9	11	0	30	0	22	32	38	0	29	0	0	0	0	25	30	0	0	0	0	7	0	29	16	21	11
10672262	TGCAGGATTGCATCTACATGAAAATGACATCAGGGACATTGAATTAAATTAATGTAACAATTACTTTTTGGAAAAACAATTTGCTAGTACTGCAT	11	13	0	0	7	0	13	14	21	0	0	0	0	22	20	12	0	8	9	0	25	7	19	0	0	0	0	19	0	0	0	0	0	0	0	11	5	0	40	0	22	24	28	0	17	0	0	0	0	26	9	0	0	0	0	13	0	21	17	12	15
10776726	TGCAGGTGTTTGGAATGCAGTGTACGGTCGACTGACCTTCTCCAGTGGCACTTACCAATACCCTTTGCACAGATCAAGGGTGGGGATGCATTCAG	41	18	0	0	29	0	0	56	2	0	0	0	0	94	42	29	0	24	23	0	82	34	50	0	0	0	0	70	0	0	0	0	0	0	0	27	12	0	0	0	58	69	0	0	51	0	0	0	0	78	43	0	0	0	0	0	0	61	45	49	31
10777019	TGCAGGAATTAAAAGAACATGGCAGCAGCTAAAAGTGAAAAAAAAATCGAGTCTTCTCAAAATCCTCATACGACGTAAATATAATTCTCTACGAA	20	5	0	0	14	0	7	11	15	0	0	0	0	31	19	7	0	7	5	0	27	6	24	0	0	0	0	22	0	0	0	0	0	0	0	6	11	0	26	0	15	29	34	0	27	0	0	0	0	28	14	0	0	0	0	17	0	14	19	15	10
10787363	TGCAGGATTGCATCTACATGAAAATTAAATCAGGGACATTGAATTAGATTAATGTAACAATTACTTTTTGGAAACACAATTTGCTAGTACTGCTT	37	30	1	0	20	0	33	42	45	0	0	0	0	64	28	24	0	19	13	0	34	22	55	0	0	0	0	48	0	1	1	0	0	0	0	24	17	0	50	0	39	39	57	0	57	1	1	0	0	53	27	0	1	0	0	25	0	41	45	37	18
10827703	TGCAGGAGCGGGATTTTTCTTTGTAGGCAAACGAGATGGGGGTTTGCGGCCTTGCGTTGACTACAGGGGGTTGAATAACATCACTGCTCGGAACA	29	2	0	0	20	0	13	29	30	1	0	0	0	48	22	7	0	6	2	0	31	14	30	0	0	0	0	29	0	0	0	1	0	0	0	25	20	0	30	1	29	34	43	0	23	0	0	0	1	29	17	0	0	0	0	11	0	25	20	24	23
10849527	TGCAGGGTATCTGATAACTGGCAGTGCGTAGCTGTTTATTGCCCGGGTCTTGTTCTTCCCATTGTGCTGGCTTCTCAGGACTTGCCTCACTCGTT	51	10	0	0	42	0	0	57	0	0	0	0	0	90	41	27	0	35	17	1	77	30	78	0	0	0	0	94	1	0	0	0	0	0	0	33	27	0	2	0	62	83	0	0	0	0	1	0	0	101	20	0	0	0	0	0	0	51	53	50	49
10873892	TGCAGGTATGTAATACAGATGTCAGTAATTTGCTGTCATTTGAGAATATTCTGATCAGCCAGTCAGACTGTTAGCTGAATGGTCTTGTGAGCGGG	58	24	0	0	32	0	0	41	0	0	0	0	0	78	50	21	0	33	12	0	57	20	58	0	0	0	0	42	1	0	0	0	0	0	0	27	20	0	0	0	49	55	0	0	0	0	0	0	0	49	38	0	0	0	0	0	0	68	71	39	30
10873928	TGCAGGTGACGGGGGTCCTACGCGGCTGCGTAATTCGCGTATAGGGAGGGCCGGCCATGTGTGGAGGTCTGTTCTCAGCAGACTCCCTGTCTAAC	62	9	0	0	40	0	25	68	92	0	0	0	0	120	42	23	0	12	28	0	73	30	87	0	0	0	0	76	0	0	0	0	0	0	0	37	26	0	81	0	54	94	86	0	85	0	0	0	0	68	40	0	0	0	0	57	0	44	43	59	46
10935695	TGCAGGCACAATACTCCTCTTACTGTTAGAGTACAGAGCTGACTTTCATATAACTACCGTGGGAAAGCAGTGTTCTCTGAGCATAGGCTATAAAA	50	15	0	0	29	0	34	40	48	0	0	0	0	44	56	18	0	9	13	0	55	22	44	0	0	0	0	55	1	0	0	0	0	0	0	22	15	0	43	0	38	62	62	0	58	0	0	0	0	57	16	0	0	0	0	26	0	42	33	31	31
10957263	TGCAGGGAAAGCTGCGTCTTAATTTGACGCCCGTGTTTGCATCTCACTGACAGAGTTTGAAGCCAAAGCCCCTCCTCCGCCTCTTTACATGCTTT	41	11	0	0	35	0	0	34	0	0	0	0	0	64	38	18	0	12	17	0	48	28	45	0	0	0	0	46	0	0	0	0	0	0	0	34	20	0	0	0	54	60	0	0	0	0	0	0	0	51	19	0	0	0	0	0	0	26	34	39	28
10967388	TGCAGGCCAGGGGGGGTGGAGCAGCCTACAGACCCAGCTGTGAATAATGTGCGGTCTGGAACACGATGGCAACTATGTGATTGCAGATCCTTTAG	41	22	0	0	24	0	34	35	48	0	0	0	0	38	49	23	0	18	9	0	39	19	29	0	0	0	0	60	0	0	0	0	0	0	0	37	8	0	46	0	35	63	46	0	33	0	0	0	0	53	30	0	0	0	0	21	0	33	28	34	19
10985602	TGCAGGGATTTGAACCAGGACCTTTTCACTGTGAAGTGAGAGTGCTAACACTACACTACTGTGCATATCAGATTATATATTGGCACACTACAACA	56	19	0	0	38	0	0	51	1	0	0	0	0	72	45	24	0	14	22	0	61	32	50	0	0	0	0	53	0	0	0	0	0	0	0	32	19	0	0	0	37	51	1	0	0	0	0	0	0	68	39	0	0	0	0	0	0	34	47	34	50
10989741	TGCAGGTTTCAGAGGACAGTGTTGGACCTGACACGGCCGTGGAGGTTTGCCAACCTTCCCAACAACGCAAAACTGGAAATGGTGACGAGTTCCAG	47	7	0	0	21	0	0	46	0	0	0	0	0	77	41	11	0	12	16	0	54	22	48	0	0	0	0	44	0	0	0	0	0	0	0	39	11	0	0	0	37	31	0	0	0	0	0	0	0	54	52	0	0	0	0	0	19	33	29	27	23
10991609	TGCAGGCAGAAGCTACAAGGAATTTAAGGCGGAATGACTTGAATGCCTGGACTGCAGACTGAAACCTCACGCTGCTCTATGACGACCGTCTACAA	42	8	0	0	21	0	23	48	43	0	0	0	0	56	32	31	0	15	11	0	56	32	49	0	0	0	0	48	0	0	0	0	0	0	0	27	14	0	75	0	48	54	74	0	69	0	0	0	0	45	27	0	0	0	0	22	0	29	38	41	32
11010671	TGCAGGATTTTTAATCCGCAATGACAGAGTGTGTTGCCAACAGTAACTTTTGTTACTGTTGTCCCAGCTCTCCTCAGGTCATTGACCAGTCCCCC	37	12	0	0	28	0	27	55	44	0	0	0	0	69	38	21	0	1	7	0	32	26	32	0	0	0	0	49	0	0	0	0	0	0	0	25	18	0	25	0	29	39	52	0	40	0	0	0	0	53	16	0	0	0	0	24	0	41	33	19	17
11016750	TGCAGGATTGCATCTACATGAAAAGGAAATCAGGGACATTGAATTAGATTAATGTAACAATTACTTTTTGGAAACACAATTTGCTAGCACTGCTT	26	9	1	0	11	0	19	32	27	0	1	0	0	35	17	16	0	9	11	0	34	21	21	1	1	2	0	31	0	22	1	0	0	1	23	21	6	0	36	0	15	41	19	0	42	0	1	0	0	25	19	7	0	10	0	12	0	20	21	23	18
11033046	TGCAGGCTGCAGCTGGAATTACACATTTTATGATGAGGATTTTTAGGGCCAAAATTCAAGTTTTTTTTATTACTTTTATTTTCCCTAAATATTAC	15	4	0	0	10	0	15	18	16	0	0	0	0	20	13	4	0	8	8	0	10	10	18	0	0	0	0	13	0	0	0	0	0	0	0	7	7	0	17	0	10	15	15	0	15	0	0	0	0	13	9	0	0	0	0	6	0	10	14	17	9
11092345	TGCAGGAATTAAAAGAACATGGCAGCAGCTAAAAATTAAGTATAAAAACATAATTCAATCAGGTCAAATTTGAGCATGTCATTGATGTAGGCTTT	31	16	0	0	29	0	21	40	29	0	0	0	0	47	49	16	0	6	9	0	30	29	26	0	0	0	0	37	0	0	0	0	0	0	0	23	12	0	39	0	30	38	34	0	37	0	0	0	0	40	27	0	0	0	0	23	0	29	26	25	29
11108650	TGCAGGGGTCAACCCCCATAGGGGTCCATGTGACTAAGGCAAAAGGAATCAAACAGAAAACAAATGCAGCCTAATTTTTATTTTTATTTTGTGTG	34	13	0	0	31	0	0	35	0	0	0	0	0	58	35	27	0	9	24	0	47	9	40	0	0	0	0	48	0	0	0	0	0	0	0	29	17	0	0	0	41	31	0	0	0	0	0	0	0	56	33	0	0	0	0	0	0	46	33	21	19
11123423	TGCAGGTATGCTGCCTTGCCTGCTGTAAAAGGGGCGTCTTGTTTTTATTTTTTTGATGTAAACAGGACCAGGTGACCCACTACGATGTGGAGCTA	49	8	0	0	29	0	0	32	0	0	0	0	0	74	36	20	0	20	17	0	51	21	40	0	0	0	0	45	0	0	0	0	0	0	0	35	33	0	0	0	34	58	0	0	0	0	0	0	0	58	29	0	0	0	0	0	0	22	46	40	32
11124538	TGCAGGCATCAGAAGATGGAACTACTTTGCTGCAGAACAGCTTCTAGTCTACGACATTGCTAAATATCGCTGGTGTGAAAATGTGGGCAGGTTTC	22	11	0	0	14	0	25	24	42	0	0	0	0	44	38	19	0	13	8	0	50	24	36	0	0	0	0	49	0	0	0	0	0	0	0	19	22	0	41	0	18	57	52	0	38	0	0	0	0	46	19	0	0	0	0	26	0	30	42	18	25
11142313	TGCAGGAAACATCAGCAGACTATTGATACCAAAGCTTCACAGTGAAGAATATATTATCCATAGAACTCGTTCAGAATCATTTTCAGCAGATAATG	27	12	0	0	28	0	24	39	43	0	23	0	0	67	35	12	16	5	18	0	41	18	43	0	0	57	0	60	0	0	0	0	0	1	0	31	24	0	38	0	47	49	53	0	35	0	0	0	0	49	23	36	0	0	45	22	0	46	31	36	15
11149713	TGCAGGTCATAATCGAAACAAGTTTTACTTTTTCACTTTGGATGAAAAGCAAGTTGTTTTTAAGTCTGTGCGGTAGATGCAATAATTAAAGTATG	24	6	0	0	17	0	22	19	25	0	0	0	0	42	29	15	0	3	15	1	28	12	18	0	0	0	0	29	0	0	0	0	0	0	0	21	8	0	31	0	15	41	40	0	37	0	0	0	0	28	15	0	0	0	0	25	0	31	29	21	17
11161544	TGCAGGTCATGTGGAATGTAGCAATATCAGTGACAGATGAAGCCCGCACAGCAATTTTACAGGTTACTTCTTTCATACCTTAATGTTGATGAAGA	30	11	0	0	14	0	0	29	0	0	0	0	0	42	29	8	0	11	10	0	42	26	40	0	0	0	0	32	0	0	0	0	0	0	0	15	11	0	0	0	28	36	0	0	0	0	0	0	0	23	22	0	0	0	0	0	0	26	49	39	21
11188925	TGCAGGAGTGAATGTACATGAATGTTTGTCTCTCTGTGGCCCTGTCACAGATTAGCGAATTGTAAATTGGGCTTCTGCTTTTGCATAAAAAGAAT	17	5	0	0	15	0	14	19	19	0	0	0	0	36	20	12	0	5	6	0	25	15	25	0	0	0	0	26	0	0	0	0	0	0	0	17	10	0	38	0	18	31	27	0	19	0	0	0	0	45	10	0	0	0	0	17	0	14	33	16	16
11198261	TGCAGGTAAAAAAAATGTTACTGATAAATAATTCACAAAACTTTGGTTGTTTTAATACATTTATAATTTAGATAACATTGTGGTATATTTTATGA	16	3	0	0	9	0	0	11	12	0	0	0	0	16	21	11	0	5	6	0	23	8	16	0	0	0	0	16	0	0	0	0	0	0	0	8	5	0	16	0	13	18	18	0	0	0	0	0	0	21	17	0	0	0	0	0	0	7	15	14	14
11208349	TGCAGGGCCCCGAAGTGGCGAAAAAAAATAAAATGAAAAAAGACCCAAATCTGGCAACCCATTTCATAGCACGTCCGTACCAACGTGCGCTCTGA	25	6	0	0	18	0	17	16	33	0	0	0	0	44	26	10	0	14	6	0	33	12	26	0	0	0	0	42	0	0	0	0	0	0	0	17	26	0	45	0	34	39	52	0	48	0	0	0	0	25	9	0	0	0	0	19	0	29	35	19	21
11208778	TGCAGGGTAGTCGCTGTGTTTACTCTGGCTAAGCTGCATTTGATGTGTGTATTGAGGGTAGATACTTTCCTTGAAATAAACACAAGTACGATACT	41	9	0	0	23	0	0	44	0	0	0	0	0	40	60	23	0	10	14	0	35	31	57	0	0	0	0	62	1	0	0	0	0	0	0	32	16	0	0	0	53	44	0	0	0	0	0	0	0	52	58	0	0	0	0	0	0	67	33	47	30
11213307	TGCAGGGTGACGCTTCCGGCGGCGTTCTTCAGCAGCGCCCCGGCTTCGTCGTGAGTCATTCCCTCGGTGGACACGTCGTTGATGCAGAGGATCTG	27	15	0	0	21	0	24	34	38	0	27	0	0	43	28	14	23	14	18	0	40	14	33	0	0	20	0	47	0	0	0	0	0	1	0	22	15	0	51	0	38	60	42	0	0	0	0	0	0	47	43	0	0	0	16	22	0	34	29	25	20
11215135	TGCAGGGTCACAGTCGCAGGGTCAGCCTTGTTGAGTGGCACCCGACCGCAAACAACATCCTCTTCAGCACAGGCTACGACTACCAGGTAACACAA	49	17	0	0	28	0	38	46	71	0	0	0	0	91	55	21	0	24	25	0	63	30	51	0	0	0	0	67	0	0	0	0	0	0	0	37	41	2	60	0	56	75	84	0	71	0	0	0	0	60	49	0	0	0	0	28	0	56	58	56	34
11226427	TGCAGGAAGCAGAGATTGTGGTTTTGTTTTTTGTGTTTTTTGTGTATCTCGGAACACTCTCCACACATTAAGCTCTCAGGCTAAATGTATGGAGG	13	4	0	0	10	0	0	13	0	0	0	0	0	35	26	13	0	6	2	0	27	8	18	0	0	0	0	17	0	0	0	0	0	0	0	11	8	0	0	0	17	16	0	0	0	0	0	0	0	32	16	0	0	0	0	0	0	18	24	17	13
11231375	TGCAGGGGATAGTACACATAATTCTGCGGCATCTGACACTTAAGGAGAAAAGATTTGTCTTAAAGATTCACTTACATATACTGGAGAAGAGTAGG	29	8	0	0	18	0	0	18	23	0	0	0	0	37	30	10	0	10	15	0	30	15	30	0	0	0	0	36	0	0	0	0	0	0	0	26	8	0	50	0	21	35	49	0	46	0	0	0	0	29	23	0	0	0	0	0	0	37	35	34	20
11247634	TGCAGGCAGAAGCTACAAGGAATTTAAGGCGGAATGACTTGAATGCCTGGACTGCAGACTGAAACCTCACGCTGCTCCATTACGACCGTCTACAA	63	26	0	0	64	0	57	74	98	0	0	0	0	126	72	42	0	28	25	0	109	45	92	0	0	0	0	106	0	0	0	0	0	0	0	59	31	0	138	0	92	108	114	0	93	0	0	0	0	112	51	0	0	0	0	49	0	78	68	49	54
11278878	TGCAGGATCTGTTGCTCCATCTCTCCATCCACGGCGTAGTTCTCAATGGCGTAGCAGCGGCTAAGCATCCCACTTCTGATACCATTGTAACGACC	51	13	0	0	48	0	0	42	0	0	1	0	0	59	57	31	0	13	10	0	48	29	55	0	0	0	0	54	0	0	0	0	0	0	0	36	19	0	0	0	62	53	0	0	0	0	0	0	0	50	34	1	0	0	0	0	0	36	47	30	25
11285316	TGCAGGAATAATAAGATGGCCAAAGGAAGAGATACAGACCACGGATGTGAAAACACGAAAGCTCCTCACCAAGCATGGAGGGTTCCATCCCAAAT	43	13	0	0	25	0	0	42	0	0	0	1	0	81	29	20	0	15	12	0	46	20	58	0	0	0	0	59	0	0	0	0	0	0	0	31	33	0	0	0	35	72	0	0	0	0	0	0	0	63	34	0	0	0	0	0	0	45	37	53	29
11295354	TGCAGGATGACATCTTTTCTGACCTCATCAACCTGAGCCAGCTGTTTCTGCATGGCAACCGCATTCGCACCCTCTCAGAGAACGTGTTTCGTGGC	53	18	0	0	36	0	0	60	0	0	0	0	0	74	59	30	0	11	12	0	68	24	54	0	0	0	0	86	0	0	0	0	0	0	0	42	34	0	0	0	42	72	0	0	0	0	0	0	0	76	41	0	0	0	0	0	0	42	40	48	32
11301224	TGCAGGCTCCTGTTAAAAAAACTAATAATATCCAGCCCTCAGCACTTTCTAAAAACAGTATGTGTACAATTTCTTGATTGTGATTGGCTTAATTA	31	11	0	0	5	0	15	21	40	0	0	0	0	48	25	13	0	12	14	0	41	12	31	0	0	1	0	29	0	33	0	0	0	0	38	18	15	0	54	0	33	50	39	0	40	0	0	0	0	42	24	0	0	3	0	12	0	33	36	34	17
11324559	TGCAGGTTAGCCAGTGCAGCTGCATCTTCAGTGTTTTCCTCCAATGCCTGTACATCATTATCGTCATTTTCTGTAGTTTCTTTTGTACTGTTAAT	55	18	0	0	19	0	0	56	0	0	0	0	0	62	54	19	0	21	31	0	65	25	49	0	0	0	0	61	0	0	0	0	0	0	0	28	27	0	1	0	47	75	0	0	51	0	0	0	0	62	34	0	0	0	0	0	0	38	53	43	32
11343037	TGCAGGCAGAATGGTAATGACAGATCTGCTAAAGCCTGAGGAGATCAAGAAAGCTCTTGATGCCTTTGCAGGTCTGCAAAAACGATACAGTGAAG	32	9	0	0	11	0	0	34	0	0	0	0	0	37	29	21	0	11	9	0	37	24	44	0	0	0	0	36	1	0	0	0	0	0	0	22	18	0	0	0	22	41	0	0	49	0	0	0	0	24	22	0	0	0	0	0	0	21	31	33	14
11406395	TGCAGGATTGCATCTACATGAAAATGAAATCAGGGACATTGAATTAGATTAATGTAACAATTACTTTTAGGAAACACAATGTGCTAGCACTGCTT	29	11	0	1	33	0	28	31	30	0	0	0	0	31	26	18	0	4	5	0	31	17	29	0	0	0	0	43	0	0	0	0	0	0	0	17	23	0	32	0	24	37	30	0	55	0	0	0	0	33	13	0	0	0	0	33	0	20	25	36	15
11438026	TGCAGGTCATTTGCTAAGTCCCCCCGTGTGGTTCTGGAATTTTTGCTTACCATTCTTGTGATCATTTTGACCCCAAGGGGTGAGATCTTGTAGGG	63	15	0	0	28	0	0	48	0	0	0	0	0	85	47	27	0	23	19	0	47	23	46	0	0	0	0	47	0	0	0	0	0	0	0	32	27	0	0	0	53	52	0	0	0	0	0	0	0	61	28	0	0	0	0	0	0	44	45	50	18
11440057	TGCAGGCAAAGCTCTCACACACACATGCAACCAGTCCAACACATAAAAATATGCAGAATAATTCACTTGAATTAAAAACAGTTTTATTCAATAAT	32	10	0	0	11	0	0	20	0	0	0	0	0	45	34	6	0	12	9	0	35	15	29	0	0	0	0	20	0	0	0	0	0	0	0	30	12	0	0	0	28	34	0	0	0	0	0	0	0	37	22	0	0	0	0	0	0	34	26	33	22
11450095	TGCAGGTTTGTGGATTTAATGACCAATCGCCAACTTTTAAACAAACTTGAACAATCTAAAATAAAAACAATTCAACGCTTGTTATTTAAACACGA	29	2	0	0	22	0	0	27	0	0	0	0	0	30	19	8	0	8	12	0	28	6	19	0	0	0	0	25	0	0	0	0	0	0	0	14	11	0	0	0	13	30	0	0	0	0	0	0	0	24	19	0	0	0	0	0	0	15	20	12	10
11463750	TGCAGGGGAGGGAATGAGAGGCAGGCTTGATTTGTGCAGGGGAGCGACTGAAGGCAGGCTGGATCGTGCTTTGTCTGAGAGCCGCCCGCAGGCAG	25	6	0	0	14	0	0	10	36	0	0	0	0	48	24	9	2	16	4	0	37	16	21	0	0	0	0	26	1	0	1	1	0	0	1	10	19	0	25	0	23	40	39	0	0	0	3	0	0	32	23	0	1	1	0	0	0	15	18	31	11
11476048	TGCAGGTGCTGAAATAACACATTGACATTCGTGGAGAGACGGTCTCTGTGTGTGAAAGGGTGAAGGGTCAGCCAGAAAGAACAGAAGCCTCAAAC	38	3	0	0	41	0	0	45	1	0	0	0	0	61	39	18	0	9	9	0	46	20	58	0	0	0	0	54	0	1	0	1	0	0	0	37	10	1	0	0	43	59	0	0	0	0	0	1	1	58	28	1	1	0	0	0	1	37	45	34	27
11480997	TGCAGGTGTGGAGACCACGAGTCGGTCATGCGACAGCAGCCGGCTACCATTTAAAACATGAAAACACAATAGTCTTGTTTGTTAACACTATTCTC	46	15	0	0	20	0	0	59	0	0	0	0	0	88	68	28	0	29	26	0	69	29	59	0	0	0	0	61	0	0	0	0	0	0	0	35	24	0	0	0	47	64	0	0	0	0	0	0	0	68	40	0	0	0	0	0	0	45	44	79	38
11483232	TGCAGGTAAACACCCCATGCACAGAGAGAAACTTTCACTCATTCCCTCTCCTTAAATTGAACTGCCTCACTTCTTACTTGTGCTTCGGATATTAT	18	4	0	0	7	0	20	34	31	0	0	0	0	37	32	12	0	5	3	0	18	10	18	0	0	0	0	20	0	0	0	0	0	0	0	21	9	0	18	0	19	25	28	0	19	0	0	0	0	20	14	0	0	0	0	13	0	17	29	18	19
11486196	TGCAGGTATCGGAGACGTGTCTGGGTTTCTTCTAGGAGCCTTTGGCATTCTGCAAAGTTAGTTTGCAGATCTTCTCCTCTCTGCTGGAATGCTGC	32	9	0	0	11	0	1	31	0	0	0	0	0	58	38	16	0	6	10	0	36	25	34	0	0	0	0	29	0	0	0	0	0	0	0	21	23	0	0	0	33	44	0	0	0	0	0	0	0	42	24	0	0	0	0	0	0	22	37	40	19
11491028	TGCAGGTACAGGAAGTCTACCCCTTCCACGACGGTTGGAACGTCGCCTGCTTCGTCATCCTCCTGCTCTTCATCCTCACCGTTCTGTCCCTGGCC	51	26	0	0	29	0	20	53	67	0	55	0	0	84	30	18	75	14	17	0	60	25	44	0	0	61	0	65	0	0	0	0	0	3	0	34	17	0	56	0	63	60	78	0	0	0	0	0	0	76	22	0	0	0	68	24	0	45	52	50	30
11508698	TGCAGGAATAATAAGATGGCCAAAGAAAGAGATACAGACCAAGGATGTTAAAAGACGAAAGATTCTCACCATGCATGGAGGGTTCCATCCCAAAT	39	20	0	0	45	0	1	49	0	0	0	0	0	57	31	13	0	24	18	0	54	30	35	0	0	0	0	54	0	0	0	0	0	0	0	29	15	0	0	0	37	72	0	0	0	0	0	0	0	80	34	0	0	0	0	0	0	33	40	23	38
11534024	TGCAGGCTGCCTGGAGAGCCAGTGAACTGGACTGCTCTGTGGTGTTTCATGGAGGAGGTGAAGGAGTGGGAAGTAAAAGTGTGGGACAAGCCAGG	63	11	0	0	29	0	39	34	53	0	0	0	0	56	50	18	0	20	9	0	52	34	51	0	0	0	0	82	0	0	0	0	0	0	0	28	25	0	46	0	36	45	69	0	66	0	0	0	0	64	20	0	0	0	0	16	0	26	45	30	28
11569384	TGCAGGGGGCGCTTGTTGTTGCACTTTGTTGTGTGCTGTTTTGATGAGCTCAAAAACAGTGTGGAGAACATTATTTACCATAGTAATAATGAAAA	24	3	0	0	14	0	20	12	19	0	0	0	0	27	15	2	0	7	4	0	22	17	19	0	0	0	0	26	0	0	0	0	0	0	0	11	14	0	32	0	18	17	26	0	28	0	0	0	0	25	16	0	0	0	0	25	0	18	9	14	17
11712853	TGCAGGCAATGTACCCGGATCTGTAACCAGAGCCTTCACTCTGCATTCGACTGACCAGCGAGTTGTTCCTAACACTAGATGGGAAGGAACGATAG	42	13	0	0	37	0	34	60	66	0	0	0	0	102	56	33	0	15	27	0	78	39	65	0	0	0	0	78	0	0	0	0	0	0	0	36	35	0	89	0	56	79	85	0	85	0	0	0	0	75	22	0	0	0	0	32	0	66	60	38	37
11811420	TGCAGGTAATTTACCTATTCTTTGTTCTATTGACTGAAAAATTAACTTTTTTATAGTTGGAATTTGCTGGCCAATGTGGAACCTTTCTTTTTTTC	24	8	0	0	16	0	8	19	11	0	0	0	0	26	27	9	0	10	13	0	20	13	25	0	0	0	0	24	0	0	0	0	0	0	0	18	9	0	25	0	9	33	20	0	31	0	0	0	0	33	16	0	0	0	0	22	0	12	18	15	19
11839403	TGCAGGACAGATCAGACCAGGAACAAAGGCATTTTTGCAGATTCTTAGTTAATTTTCGTGTTTCTTTGATTTTTTTTTAAGTAGTTTATTTCATT	16	7	0	0	8	0	0	15	0	0	0	0	0	25	13	15	0	11	9	0	16	7	17	0	0	0	0	33	0	0	0	0	0	0	0	12	10	0	0	0	17	30	0	0	0	0	0	0	0	20	9	0	0	0	0	0	0	13	30	15	11
11878568	TGCAGGAATTAAAAGAACATGGCAGCAGCTAAAAATGAAGTATAAAAACAATTCAATTAGGTCAAATTTGAGCATGTCATGGATGTATTCTTTTT	16	8	0	0	15	0	7	22	18	0	0	0	0	25	9	11	0	6	6	0	19	3	25	0	0	0	0	15	0	0	0	0	0	0	0	11	11	0	34	0	12	22	32	0	28	0	0	0	0	22	10	0	0	0	0	16	0	15	21	15	14
11895754	TGCAGGGTATCTGATAACTGGCAGTGCATAGCTGTTTATTGCCCGGGTCTCATTCTTGCCATTGAGCTGGCCTCTCAGGACTTGCCTCACTCGTT	79	14	0	0	48	0	0	43	0	0	0	0	0	112	75	33	0	19	24	0	87	39	79	0	0	0	0	83	0	0	0	0	0	0	0	58	34	0	1	0	50	91	0	0	0	0	0	0	0	88	50	0	0	0	0	0	0	67	85	63	75
11983804	TGCAGGCTCAGCGGGGGGGATGCAACACTGATGGTTATGCATATTGAAAGCAAACAGCATGAAGGCAGAGGAACAATGCATGACATCAGCAGCAT	16	6	0	0	26	0	0	24	0	0	0	0	0	54	16	14	0	9	9	0	44	20	23	0	0	0	0	37	0	0	0	0	0	0	0	26	19	0	0	0	32	44	0	0	0	0	0	0	0	49	25	0	0	0	0	0	0	27	24	27	18
11985876	TGCAGGGCAAGGACACCAGCATCCTGAGCCTGTATGACAAGGTGGGTGGTTCCCTGAAGAAAGCAGAGATGTGGAAAAGGCCATGTGATCAGGAG	49	29	0	0	36	0	50	50	46	0	0	0	0	85	72	28	0	14	5	0	68	21	45	0	0	0	0	57	2	0	0	0	0	0	0	33	27	0	55	0	57	65	76	0	66	0	0	0	0	55	25	0	0	0	0	28	0	41	41	30	27
11991147	TGCAGGGTATCTGATAACTGGCAATCCATAGCTGTTTGTCTGTTTTTGCTTACACAATATTTATTTTCCCATTGATGCGATAAGTGACTACTTCC	33	7	0	0	32	0	23	27	51	0	0	0	0	65	40	13	0	13	10	0	37	34	38	0	0	18	0	53	0	24	0	0	0	0	37	24	11	31	40	0	43	40	57	0	48	0	0	0	0	54	13	26	0	7	0	26	0	30	34	32	13
12006799	TGCAGGAATCAAATAATGAAATAAAGTTACAGAATCCTATGGAGTCAAACATGCTGCATGATAGATACTGAGTGAGGAGTTCACTTCCAGACACA	36	11	0	0	22	0	26	32	43	0	0	0	0	41	29	10	0	12	14	0	29	27	27	0	0	0	0	40	0	0	0	0	0	0	0	16	13	0	58	0	30	44	51	0	17	0	0	0	0	41	22	0	0	0	0	23	0	32	33	33	20
12088323	TGCAGGTGTGTGTGCTTGAGAGTGTGTGTATGTTATAATGAACACTTAATGCATTCAAATATTTAAATATGTGGAAAATTTTGAATTTATTTTGT	22	13	0	0	15	0	0	23	1	0	0	0	0	35	38	17	0	7	12	0	29	28	26	0	0	0	0	32	0	0	0	0	0	0	0	26	11	0	0	0	27	38	0	0	3	0	0	0	0	29	16	0	0	0	0	0	0	27	36	25	26
12140862	TGCAGGGACATGTTCAGTTCATTCAGTTTCCTGAATATATCTGGCAGATAGCAAAGCAAGTCAGTCCATGTTCTCAAGCATGGTGGCATGGGGAG	47	20	0	0	32	0	18	45	62	0	0	0	0	64	57	17	0	14	20	0	72	35	74	0	0	0	0	83	0	0	0	0	0	0	0	20	23	0	81	0	33	77	67	0	57	0	0	0	0	72	46	0	0	0	0	23	0	37	40	36	26
12182354	TGCAGGAAACATAGCGGGTGGCCTCTTTTTACTAACTGGGTCCTGTTTGTCGTGGAAAGCACTTCTACAAAGTTGCCACTAATCTTTTTTTTCAT	12	3	0	0	13	0	7	12	10	0	0	0	0	19	8	7	0	6	4	0	11	5	14	0	0	0	0	18	0	0	0	0	0	0	0	6	5	0	27	0	13	14	23	0	16	0	0	0	0	22	17	0	0	0	0	10	0	10	9	9	10
12235615	TGCAGGCCTATTTCAGTTTACTGTTATGCCCTTTGGTTTGCATGGTGCCCCAGCCACCTTCCAAAGGTTTAATGGACAGAGTGCTACAGGGATGT	40	9	0	0	24	0	0	58	0	0	0	0	0	56	41	17	0	20	13	0	63	26	46	0	0	0	0	52	0	0	0	0	0	0	0	38	18	0	0	0	61	66	0	0	98	0	0	0	0	55	30	0	0	0	0	0	0	42	60	37	39
12320196	TGCAGGAAACACATTTAGTGGATAAGGAACATATGAAGCTGAAGAGGGATTGGGTAGGCCAAGCACATTACTCCTCATTCTCCTCCAACAGCAGG	44	11	0	0	22	0	0	44	0	0	0	0	0	70	31	23	0	13	21	0	42	35	42	0	0	0	0	48	0	0	0	0	0	0	0	25	27	0	0	0	34	52	1	0	0	0	0	0	0	64	20	1	0	0	0	0	0	21	31	40	28
12335612	TGCAGGAACTACCTAAACTTTCTGCAGTTTTAGTCAGTCCTTCTTACAGAAAACCCCTTGTCTTTGATTTCAGAGGAAGCAGAGGATCCTGCGTG	28	13	0	0	27	0	0	28	0	0	0	0	0	42	29	17	0	7	19	0	27	16	20	0	0	0	0	19	0	0	0	0	0	0	0	22	16	0	0	0	31	34	0	0	0	0	0	0	0	45	19	0	0	0	0	0	0	22	33	34	13
12352679	TGCAGGTATATCCAGGGGCGCATACCCAATTTCATAGGGGTCAGCAGGAGTTTAAACCAGAATGAGCTTCTACGTTTTTGTGACTTTAATAGTTT	36	13	0	0	25	0	0	28	0	0	0	0	0	52	22	11	0	11	16	0	40	12	22	0	0	0	0	38	0	0	0	0	0	0	0	16	8	0	0	0	25	47	0	0	0	0	0	0	0	43	20	0	0	0	0	0	0	41	54	23	16
12355775	TGCAGGAATTAAAAGAACATGGCAGCAGCTAAAAATGAAGTATAAAAACATAATTCAATCAGGTATAATTTGAGCATATCATGGATGTAGGCTTT	30	21	0	0	16	0	13	18	38	0	0	0	0	32	40	19	0	8	12	0	35	11	36	0	0	0	0	39	1	0	1	0	0	0	0	17	25	0	37	0	27	29	43	0	33	0	0	0	0	17	27	0	0	0	0	25	0	25	27	29	17
12358720	TGCAGGATGTTCTTGTTGGAACACCTTTGTCTGAAATTACCTGTAGATAACCTGTAGATGTTTCAACGTACTTATTCACAGCGAGGAACACATTT	34	8	0	0	23	0	19	39	46	0	0	0	0	72	50	18	0	15	9	0	60	13	38	0	0	0	0	54	0	0	0	0	0	0	0	26	16	0	47	0	34	66	56	0	72	0	0	0	0	42	24	0	0	0	0	25	0	45	37	37	35
12370406	TGCAGGAGCTGCACCTCAGCAGACACAGCAACAGGTCTCCTAATATTACACAACATAAAGAGGAATTTACATCAGGTTTCATCAAATATAATGGA	15	4	0	0	18	0	18	18	35	0	0	0	0	49	38	9	0	12	4	0	30	6	25	0	0	0	0	12	0	16	0	0	0	0	15	12	8	0	37	0	19	33	40	0	33	0	0	0	0	34	17	0	0	1	0	17	0	28	25	12	13
12407106	TGCAGGACGACCACAAAATATAAACAAGGTCAGTAATATACTGCTGTTCAAATCACCATTTTAATTATTGTCTGAGGCTTTAATTATTTCCCTTA	26	12	0	0	16	0	19	35	37	0	0	0	0	45	37	4	0	9	14	0	44	15	31	0	0	0	0	37	0	0	0	0	0	0	0	19	16	0	40	0	38	40	38	0	56	0	0	0	0	28	22	0	0	0	0	27	0	32	24	20	26
12491667	TGCAGGCGCCACAAGGGGTATGGGCGCCCGCGGGCACAGGGTTGGTGACCCCTGAGTTACGCAAACCATCCGTGCAAAGGTGAGATAGCACCTGT	42	14	0	0	23	0	0	52	0	0	0	0	0	76	60	25	0	12	21	0	66	45	52	0	0	0	0	56	0	0	0	0	0	0	0	41	48	0	0	0	52	74	1	0	0	0	0	0	0	81	38	0	0	0	0	0	0	54	74	41	41
12498601	TGCAGGAATTAAAAGCAGCTGCTAAAAATGAAGTATAAAAACATAATTCAATCAGGTCAAATTTGAGCATGTCATGGATGTAGGCTTTGTTGACA	20	5	0	0	16	0	20	35	29	0	0	0	0	52	24	13	0	12	7	0	34	9	21	0	0	0	0	30	0	0	0	0	0	0	0	22	12	0	44	0	17	28	28	0	27	0	0	0	0	30	19	0	0	0	0	27	0	29	25	22	21
12585805	TGCAGGAGTTGTTGCCTCTTTAATGAGATGTACGCTACAGGCCATGTGACTTCAGCACCCTGGACAGCGCCCATCACACCGAGCCACTGAAACTA	10	4	0	0	22	0	11	13	21	0	0	0	0	43	22	4	0	8	7	0	17	11	24	0	0	0	0	25	0	0	0	0	0	0	0	11	4	0	24	0	19	32	27	0	30	0	0	0	0	23	6	0	0	0	0	28	0	19	20	28	13
12699679	TGCAGGAGCAGTATTCTGCACTTCATTTAAGTTTTCAAAAGTCTTCAAGAAAGATTGAAGAGGAGATGAACAAACTGACACAAAGAGTTTTTAAA	21	5	0	0	10	0	0	24	0	0	0	0	0	23	18	11	0	11	3	0	28	16	14	0	0	0	0	25	0	0	0	0	0	0	0	19	10	0	2	0	27	40	1	0	0	0	0	0	0	24	9	0	0	0	0	0	0	11	18	13	11
12875122	TGCAGGACGGAATGAAGGACGGAGACGCAGACGAGGAGAAAGAGGCTGAGCTGAAGAAAGTCCAGTCTGAGGTGGAGAAACTGAAACAGGATGAA	33	10	0	0	15	0	0	34	0	0	0	0	0	37	25	13	0	16	5	0	44	24	45	0	0	0	0	41	0	0	0	0	0	0	0	20	8	0	0	0	29	67	0	0	0	0	0	0	0	42	17	0	0	0	0	0	0	25	46	25	24
13012894	TGCAGGCTTCTCAAAAACAATAGGGTCCCTCAGGCCTTCCTTCTGAACATACTCGTATGAAAAATCTGGAGAACACACAATAATACAGCAGGTTC	19	8	0	0	13	0	0	33	0	0	0	0	0	83	34	18	0	16	24	0	40	19	33	0	0	0	0	54	0	0	0	0	0	1	0	37	15	0	0	0	42	71	0	0	2	0	0	0	0	46	13	0	0	0	0	0	0	54	38	36	19
13113869	TGCAGGGAAACTTTGCGGTCAAGAACTTTGAGTGCTCCCAAATACTTGGATTCCACTTTGGTGCACTCACTCCGAGGCCTCTCAGGGGTTTTGGA	24	10	0	0	19	0	19	26	36	22	0	0	0	78	28	13	0	9	22	0	39	13	23	0	0	0	0	17	0	31	0	0	23	0	23	13	6	0	22	0	62	32	38	0	0	0	0	0	0	40	14	0	0	12	0	16	0	32	22	44	29
13269093	TGCAGGCAGAAGGCAAGGGACTGGGAGAATAGGAAAAGTTATGTAGTGACTCGCTCCCATGTCTCAAAATTACTGAAAAGTCTGTTGAGATTAGA	58	11	0	0	15	0	0	46	0	0	0	0	0	53	29	28	0	20	12	0	66	43	38	0	0	0	0	69	0	0	0	0	0	0	0	22	7	0	0	0	39	55	0	0	0	0	0	0	0	51	32	0	0	0	0	0	0	20	39	29	26
13452549	TGCAGGAATTAAAAGAGCATGGCAGCAGCTAAAAATTAAGTATAAAAACATAATTCAATCAGGTAAAATTTGAGCATGTCATGGATGTAGGCTTT	34	5	0	0	11	0	0	33	0	0	0	0	0	33	34	14	0	18	4	0	29	14	23	0	0	0	0	29	0	0	0	0	0	0	0	12	13	0	0	0	22	35	0	0	0	0	0	0	0	32	12	0	0	0	0	0	0	18	27	21	5
13466079	TGCAGGAGCCAAATTACAGAACCCAAGACATTCAAGAAAAGGTTCCTTCAAATGATTAGTTTGTGGCCATTGGTGAATTTGGACAATTTAGCATT	27	14	0	0	18	0	0	20	0	0	0	0	0	34	18	20	0	11	8	0	26	19	16	0	0	0	0	31	0	0	0	0	0	0	0	12	8	0	0	0	27	29	0	0	0	0	0	0	0	39	36	0	0	0	0	0	0	20	23	22	29
13471265	TGCAGGATGCAGTATTTCTTCTGATATTCCTATCATTTTAAACAAGAAGAAAACATGTTTGTATAGTTATTGTTTAGATAAACATAAACAGTAAT	42	9	0	0	21	0	19	39	54	0	0	0	0	56	41	17	0	7	15	0	54	17	25	0	0	0	0	41	0	0	0	0	0	0	0	23	24	0	35	0	38	43	70	0	49	0	0	0	0	57	22	0	0	0	0	26	0	35	22	27	20
13523881	TGCAGGAATAATAAGATGGCCAAAGGAAGAGCTACAGACCACGGATGTTAAGACACGAAAGCTCCTCACCATGCATGGAGGGTTCCATCCCAAAT	61	23	1	0	30	1	40	50	67	0	0	0	0	85	48	26	0	20	13	2	87	34	43	0	2	1	0	77	0	0	0	0	0	0	1	34	37	3	87	0	51	70	87	1	71	0	0	0	1	51	37	1	1	1	0	20	0	59	51	51	40
13784376	TGCAGGAACGATGATGCTGTAAGCCGAACAAAGCAGAATAAACAATTTAGCTTCCTTAACAAAGGTTCTTGGAGCTCATTTAGTTTTACTGTACA	17	6	0	0	14	0	17	23	33	0	0	0	0	25	18	15	0	5	9	0	29	12	17	0	0	0	0	19	0	12	0	0	0	0	11	21	11	1	33	0	16	26	31	0	46	0	0	0	0	22	25	5	0	3	0	9	0	13	26	24	16
13857541	TGCAGGTGCTGGACCTGTGCAACCCGAGAACGAAGCCGCTGGACTAACAAACCCTGGGGAGCAAGGTGCCACGCCACATGTGGGAGGCTCGGCAG	37	9	0	0	12	0	17	24	26	0	0	0	0	43	33	10	0	10	11	0	34	6	37	0	0	0	0	36	0	27	0	0	0	0	46	16	19	0	34	0	26	37	38	0	40	0	0	0	0	16	32	0	0	21	0	35	0	19	17	38	4
14032140	TGCAGGGAAAAAGGTCCAGATTCCCCTGTGCTCTGGCTGAAGAGGTACTCCAAACCCAGGAGCTCATTTGAGGCCACATCAGCGGGAGTTTGGAA	71	25	1	0	46	0	35	54	91	0	0	0	0	101	70	21	1	32	33	0	89	35	73	0	0	0	0	117	0	0	0	0	0	0	0	52	36	0	92	0	68	75	127	1	89	0	0	0	0	113	51	0	0	0	0	43	0	62	92	73	48
14082944	TGCAGGTCCCCCCAACTGCAGCCCATCTTCACTTTGACCTTTAACTTCACATACAGCTTCACTGCAGACTCCATCTCCCTCTTGACGATCTGTGC	60	28	0	0	15	0	24	38	76	0	36	0	0	60	45	25	30	16	29	0	60	29	54	0	0	35	0	54	0	0	0	0	0	0	0	32	21	0	64	0	33	81	55	0	0	0	0	1	0	55	39	0	0	0	43	20	0	30	50	40	20
14159721	TGCAGGGCAAGGACACCAGCATCCTGAGCCTGGATGACAAGGTGGGTGGTTCCCTGAAGAAAGCAGAGATGTGGAAAAGGCCATGTGATCAGGAG	52	17	0	0	37	0	27	56	47	0	0	0	0	72	39	26	0	16	16	1	66	28	60	0	0	0	0	62	0	0	0	0	0	0	0	29	11	0	53	1	45	74	56	0	61	0	0	0	0	57	42	0	0	0	0	32	0	45	42	27	27
14160276	TGCAGGGGCTAAAAAATCCACAATTCTCTGTGGAGATGGGGGATAAATGACTTAAGTGTCTGGATGCCAACAATCCTGAATTTCTTTTCCTGTGA	28	9	0	0	22	0	0	19	0	0	0	0	0	50	25	13	0	14	9	0	47	18	28	0	0	0	0	26	1	0	0	0	0	0	0	25	11	0	0	0	34	30	0	0	0	0	0	0	0	43	22	0	0	0	0	0	0	38	40	25	8
14261546	TGCAGGAAAAAACTAAGCCTAGTAAGGTGGAGATAAAAAAAGAAAACACCTCGGCTTTAAAAAGAAGACAGAAACATGCATTGCAGCGATGCAAT	21	3	0	0	4	0	2	7	0	0	0	0	0	32	17	9	0	7	9	0	15	13	25	0	0	1	0	17	0	0	0	0	0	0	0	11	9	0	0	0	26	16	0	0	42	0	0	0	0	21	9	0	0	0	0	0	0	33	27	23	33
14294915	TGCAGGAAGTAGTCAAAAAAGAAAAAAATAACAAGTTCTGACAACATAAACATCGCTATGCTGGGACTTGGCTTGGTTATGTCGCTCGTTTGAGA	18	10	0	0	5	0	0	22	0	0	0	0	0	24	28	11	0	7	12	0	21	8	19	0	0	0	0	21	0	0	0	0	0	0	0	14	0	0	0	0	26	24	0	0	0	0	0	0	0	16	13	0	0	0	0	0	0	16	19	17	18
14301276	TGCAGGTTAGCCAGAGAATCAAAGCTGGTGTGAGAGGTGTAGTTCTCCAAGCCTTTCAGGAGGTCTCCACCCATGGCTGCTCTGGTTATGCTCAT	32	10	0	0	14	0	17	31	33	0	0	0	0	49	27	15	0	12	15	0	36	23	27	0	0	0	0	40	0	0	0	0	0	0	0	27	15	0	27	0	37	38	34	0	44	0	0	0	0	39	34	0	0	0	0	24	0	25	27	33	33
14325870	TGCAGGTGTGTTGATAATATTTGAGTGTGTGTGAACAGGCCCCGCCCTTTTTGTACTACATTTGAACCGTACCGTAATGATAAACAACCAGTAAA	59	16	0	0	23	0	39	46	72	0	0	0	0	81	56	29	0	19	12	0	73	17	39	0	4	0	0	59	0	0	0	2	0	0	0	35	21	0	73	0	41	70	72	0	70	0	0	0	0	80	35	0	0	0	0	28	0	38	43	44	23
14407831	TGCAGGAAACCTCAACTACATCCCAACCAATAGACTTTTGGAAACCACTCAATAGGACTCAGACCCATATCCCGGTTCCTTTTGTTGTTTGTTTG	39	20	0	0	21	0	31	31	44	0	0	0	0	47	43	22	0	12	9	0	39	24	37	0	0	0	0	38	0	25	0	0	0	0	30	24	14	0	44	0	31	36	51	0	52	0	0	1	0	46	27	0	0	6	0	16	0	26	28	36	30
14658451	TGCAGGGTATCTGATAACTGGCAGTGCGTAGCTGTTTATTGCCTGGGTCTTATTTTATTCCATTGAGCTGGCTTCTCAGGACTTGCATTACTCGT	57	19	0	0	38	0	0	65	0	0	0	0	0	92	64	21	0	25	14	0	91	51	69	0	0	0	0	85	0	0	0	0	0	0	0	44	34	0	0	0	62	88	0	0	0	0	1	0	0	81	30	0	0	0	0	0	0	59	65	50	44
14676924	TGCAGGCACCGACCATCCATTTGACCTTTTTTATTAATTGATTTTTTCAACGAGAACTTTAAGATTAGTTTTTAATTAGTCTGTTTTGATTCAAA	16	9	0	0	17	0	13	21	11	0	0	0	0	29	17	6	0	5	3	0	17	11	12	0	0	0	0	20	0	0	0	0	0	0	0	16	11	0	19	0	9	23	23	0	30	0	0	0	0	19	9	0	0	0	0	10	0	15	14	15	9
14829916	TGCAGGTGTGGGTCTTGCACAGGAAATGTGGCTCTTGACTTCAGTGCTTCCATCTTTGAGGACGCTGCAGCAGATGAAGCCATTTCAGCCGGTCT	38	12	0	0	15	0	25	22	26	0	0	0	0	34	29	17	0	11	13	0	37	22	29	0	0	0	0	30	0	0	0	0	0	0	0	20	17	0	53	0	21	49	38	0	30	0	0	0	0	39	27	0	0	0	0	24	0	23	26	32	31
15012734	TGCAGGCAAACACACACACAAAGTATTTGGACAGCATATGTACTGTAAATAAATCCACCAAATGTGAGCAGATTATATGATTGTGTTCCCCTGAG	38	11	64	18	12	0	25	50	59	0	0	0	1	66	32	13	0	15	8	0	52	19	46	0	0	0	35	40	51	0	20	49	1	0	1	33	15	0	52	0	35	43	62	0	44	0	0	11	0	54	24	0	0	0	0	21	0	24	40	37	25
15073345	TGCAGGTTAATCAACATCCCTTCCTGCTAAAAAATCAACACTCAATTATAAAATTCAGTCAGAAATGACAGACACGCCTCTGATAAGAAACAATG	15	7	0	0	9	0	11	18	14	0	0	0	0	29	21	11	0	6	13	0	19	15	22	0	0	0	0	28	0	0	0	0	0	0	0	13	14	0	37	0	15	30	31	0	36	0	0	0	0	23	23	0	0	0	0	13	0	11	17	23	19
15198069	TGCAGGTATGTAAGAAAGTTGAGTTATTTGACTAATAAACAAGTCTGGCAAAACACAACAGTAGCCAAACCACTAAAGCTCCACAGTGAATGAAC	36	8	0	0	29	0	33	43	57	0	52	0	0	62	58	20	48	13	18	0	67	27	53	1	0	45	0	58	0	0	0	0	0	0	0	34	25	0	70	0	39	56	60	0	0	0	0	0	0	43	22	0	0	0	60	20	0	47	65	46	32
15444313	TGCAGGGCTTCATCAAAGTGATGCAGGTGGCCCTCTGTGAAATAGACAAACCTTCCCTTTTGTGTATATCTGGAAAAGCAGCAAACAGTGCAATA	55	27	0	0	33	0	0	51	0	0	0	0	0	62	37	23	0	18	11	0	51	22	44	0	0	0	0	48	0	0	0	0	0	0	0	29	18	0	0	0	26	56	0	0	0	0	0	0	0	64	38	0	0	0	0	0	0	50	47	46	40
15549827	TGCAGGGACATGTTCAGTTCATTCAGTTTCCTGAATATATCTGCCAGATAGCAAAGCAAGCCAGTCCGTGTTCTCAAGCATGGTGGCATGGGGAG	46	15	0	0	36	0	44	62	69	0	0	0	0	80	78	18	0	16	19	0	77	37	50	0	0	0	0	62	0	0	0	0	0	0	0	42	27	0	60	0	59	70	89	0	60	0	0	0	0	62	39	0	0	0	0	47	0	39	51	49	33
15663444	TGCAGGTGAGGAGTTGTTATTGAGGGTGGAAGTATCACGAGCTCAGATTTGGGTGGCTCGCCATCAAGTTGTAGATCAAAGCATACATAACAAAA	33	12	0	0	30	0	28	19	24	0	0	0	0	39	17	23	0	8	11	0	43	13	22	0	0	0	0	20	1	19	0	0	0	0	24	17	14	0	37	0	16	32	44	0	39	0	0	0	0	31	18	0	0	11	0	18	0	17	30	33	5
16065749	TGCAGGAGTGATAAATCCGTTATGCTGTCCTTTACAGGTCACAAACTACTGCTGTAGATTTGTTTTTTTTAATTATCCTTTAAACAATACCCTCT	19	7	0	0	16	0	0	24	0	0	0	0	0	24	22	10	0	5	11	0	26	18	20	0	0	0	0	32	0	0	0	0	0	0	0	19	12	0	0	0	22	27	0	0	0	0	0	0	0	30	12	0	0	0	0	0	0	12	21	36	18
16066821	TGCAGGCTTGTCTCCAAGACAGATCTGCTGGAAAACAATGAAGCCCATTCAAGGAAGAACCTCCTTCCTCTAATATAGCATATCATCATGATATG	20	12	0	0	7	0	0	24	0	0	0	0	0	37	50	15	0	6	9	0	36	15	20	0	0	0	0	37	0	0	0	0	0	0	0	23	10	0	0	0	22	43	0	0	0	0	0	0	0	33	18	0	0	0	0	0	0	18	28	33	28
16123294	TGCAGGAAAAACAAACAAAAAAAAAAACACTCCACACCTCCCATTATTGCTGCTGCAAGAAATCCTCTGGAGTAGTATTACAATACTGTAAGTTT	12	5	0	0	11	0	10	14	15	0	0	0	0	15	21	13	0	3	9	0	24	8	15	0	0	0	0	8	0	8	0	0	0	0	3	11	13	0	20	0	20	21	20	0	19	0	0	0	0	13	8	0	0	5	0	12	0	14	5	12	13
16808989	TGCAGGAGAGGTGGCTACATAGGGAACACAGTCACAATAATCAGATTTTTAAAGAATTCTTCAAAAAATAAGACAGTGATTTTTTGGATTTATTT	15	8	0	0	15	0	20	20	20	0	0	0	0	35	24	8	0	12	9	0	21	13	24	0	0	0	0	19	0	18	1	0	0	0	11	7	17	0	30	0	16	22	30	0	29	0	0	0	0	16	16	0	0	5	0	26	0	17	17	20	20
16837023	TGCAGGGCCCCGAAGTGGCAAAAAAAAAAAATGAAAAAAGACCCAAATCTGGCAACCCATTTCATAGCACATCCGTACCAACGTGCGCTCTGAAT	9	0	0	0	9	1	11	17	10	0	0	0	0	27	13	3	0	4	5	0	14	8	5	0	0	0	1	15	0	1	0	0	0	0	0	8	5	0	13	0	10	13	16	0	12	0	0	0	0	11	8	1	0	0	0	5	0	11	5	10	13
16965262	TGCAGGTCCCTTTAAATTTGGAAATTCTACCAGTCTCTGGGTGTGAGTCTAAAAAAAGAACTAGTTTGACTACATTACATAGTTTTTCTTTCTTT	18	6	0	0	6	0	7	18	15	0	0	0	0	22	23	9	0	5	14	0	18	3	17	0	0	0	0	25	0	0	0	0	0	0	0	8	12	0	19	0	17	22	16	0	27	0	0	0	0	17	10	13	0	0	0	22	0	17	23	21	6
17073489	TGCAGGCTCCCACCTGGAGACTGAATAAACAGCAACCTGTCAGATTAGTTTGCATTAATTTTATTTTTTTAATCATGAACTCTTTTAACACTCAG	36	4	0	0	13	0	21	18	30	0	0	0	0	40	39	13	0	9	8	0	33	18	35	0	0	0	0	36	0	0	0	0	0	0	0	20	8	0	33	0	21	37	47	0	44	0	0	0	0	39	22	0	0	0	0	25	0	16	31	26	24
17182939	TGCAGGCTGTTTGTCCCCACCACTCTTCGTCCCCAGGTGTTGAAATGGGGACACTCATCTCGTCTGGCATGTCACTTAGGTGTTACACAGACTGC	33	10	0	0	30	0	31	47	53	0	0	0	0	62	45	29	0	9	19	0	63	31	39	0	0	0	0	68	0	0	0	0	0	0	0	33	10	0	43	0	49	55	61	0	56	0	0	0	0	61	28	0	0	0	0	33	0	47	41	35	29
17647380	TGCAGGTATTTCCTGTTTGGAACACGAAAGGGGAGGGGTTAATCAGTCCAATTCTCTTATACTGTCAATGTTCACATCAAAGCAAGCCTGACTCT	37	6	0	0	31	0	0	44	0	0	0	0	0	57	57	20	0	19	22	0	69	39	50	0	0	0	0	57	0	0	0	0	0	0	0	24	18	0	0	0	39	49	0	0	0	0	1	0	0	49	30	0	0	0	0	0	0	41	49	31	44
18126182	TGCAGGTGTTCGCCGCGGATGTGAGTCGGCTCGTCATGGCGGCGTTTCACGCTGTACGGAGACGTGGCACAACGACGAGAGGAGAACTTCTGGCG	38	16	0	0	23	0	36	41	48	0	0	0	0	61	33	20	0	10	7	1	51	16	39	0	0	0	0	50	0	0	0	0	0	0	0	31	23	0	48	0	30	53	66	0	53	0	0	0	0	36	18	0	0	0	0	23	0	33	27	35	19
18140017	TGCAGGTGACGGGGGCCCTACGCGGCTGCGTAATTCGTGTATAGGGAGGGCCGGCCATGATAACAATAGTAATAGTTTTCTGAAAAGAGCATTCA	10	2	0	0	15	0	13	20	15	0	0	0	0	28	15	9	0	1	1	0	31	14	16	0	0	0	0	18	0	0	0	0	0	0	0	12	5	0	34	0	22	16	18	0	15	0	0	0	0	20	8	0	0	0	0	7	0	11	10	10	7
18362355	TGCAGGAATAATAAAATGGCCAACGGAAGGGATACAGACCATGAATGTTAAGACATCACCATGCATTGAGGGTTCCATCCCAAATCCAGCACCCC	47	20	0	0	19	0	0	44	0	0	0	0	0	80	45	16	0	15	7	0	53	28	43	0	0	0	0	63	0	0	0	0	0	0	2	35	30	0	0	0	49	71	1	0	2	0	0	0	0	66	18	0	0	0	2	2	0	42	37	25	28
18991089	TGCAGGGTGGAGGCAATATGAAGATGATTTAACCCGTTATATATACGTTTGCAGCTCCTAATGTTAGAGAAATGATGGAAGGACTGTGCAATGTC	27	13	0	0	22	0	23	32	62	0	0	0	0	57	30	10	0	12	10	0	43	32	32	0	0	0	0	58	0	0	0	0	0	0	0	20	12	0	72	0	29	65	33	0	57	0	0	0	0	37	31	0	0	0	0	22	0	32	46	39	19
19893668	TGCAGGTTTGCTGACCATGGCTGCATGCTGATCATCAGGAGTGTCCATTTCCTCCCTGATGGGCGTTCTGTGGTTGACACAATCGGAGGAAAACG	45	23	0	0	20	0	23	51	58	0	0	0	0	52	36	16	0	13	12	0	71	23	46	0	0	0	0	59	0	0	0	0	0	0	0	31	10	0	73	0	42	57	58	0	55	0	0	0	0	62	34	0	0	0	0	34	0	44	45	41	28
19904354	TGCAGGCCAGCAACCCCGGATCCTCGAGTAAACTAAGTTTGTTTAAATGACAGCGAGGCTTAAACGGAGCTAATCTTCCAGCCCGTCCACTTTCT	40	11	0	0	40	0	25	30	48	0	0	0	0	68	33	14	0	14	10	0	51	18	30	0	0	42	0	50	0	44	0	0	0	0	46	32	21	0	34	0	48	57	73	0	40	0	0	0	0	42	25	32	0	21	0	20	0	36	45	27	21
20066072	TGCAGGCGCCACAAGGGGTGCTCGCGGGCGCACTGGCGCCCGCGGGCACAGGGTTGGTGACCCCTGCTCTAAAGGACACACTCTTGACTTGGTTA	49	10	0	0	26	0	0	29	0	0	0	0	0	62	31	17	0	14	6	0	49	24	40	0	0	0	0	39	0	0	0	0	0	0	0	19	19	0	0	0	45	48	0	0	0	0	1	0	0	42	34	0	0	0	0	0	0	36	24	39	27
20373528	TGCAGGGGACAAGAAAAAGAAGAGCACCACCGCAGATACGTTTAACACCACCAGGAAGGTGTGTGTCAGTGGAATGAGTGTTAGTCGCTGGAAAA	28	10	0	0	24	0	18	23	48	0	0	0	0	54	26	13	0	3	8	0	38	18	28	0	0	0	0	41	0	0	0	0	0	0	0	25	12	0	34	0	30	42	36	0	21	0	0	0	0	31	17	0	0	0	0	25	0	33	17	26	24
21428280	TGCAGGTCATGTCGGGCCTCCTTTACCTTGCAATGCCATCAAATTGGTGGATGTGGCTGAAATGAATTACCTGGCAGCCAACGGTGAGGGAGAGG	17	4	0	0	16	0	11	26	20	0	0	0	0	42	17	5	0	7	0	0	26	5	28	0	0	0	0	20	0	0	0	0	0	0	0	13	15	0	25	0	21	30	38	0	33	0	0	0	0	23	18	0	0	0	0	15	0	12	14	19	26
22218468	TGCAGGAGACTTGGTTTCTGGTTGTTGTTTGCTGCTCAATGCTGATATTTCTCGCTCCTCTCTTCTCTCCTATCCGTGCCGCAGGGGGCCGAGGG	53	20	0	0	29	0	33	48	48	0	0	0	0	68	58	32	0	18	12	0	66	16	55	0	0	0	0	65	1	0	0	0	0	0	0	31	18	0	43	0	44	52	55	0	60	0	0	0	0	61	27	0	0	0	0	24	1	36	25	45	38
22233225	TGCAGGACAGGCCATAAAAATAATTTTAGTCCATATGCAAAATAAGACCACTCCAAAATGAAAGCGGAGCCGCACTAGAAGGCTACGTGACTCTT	52	27	0	0	53	0	33	65	92	1	0	0	0	61	62	40	0	19	19	1	62	28	59	0	1	0	0	68	0	0	0	0	0	0	0	46	17	1	117	0	45	64	71	0	80	0	0	0	1	98	26	0	0	0	0	30	0	54	45	39	47
4534492	TGCAGGAGCGTAATAGAGAGGCGGCAGTGCACGAGATATGATGAGATTAGGGCTGAGGGAGGGGGGTTTGAAAAGACTGGATGAGCTTCTGATGG	37	9	0	0	28	0	15	41	49	0	32	0	0	57	27	16	51	13	12	0	38	13	39	0	0	91	0	59	0	0	0	0	0	2	0	25	22	0	73	0	42	49	45	0	42	0	0	0	0	48	20	62	0	0	44	33	0	37	42	30	28
4837820	TGCAGGTCAGACACCCCCTCAACACACAGGCACCTCTCTCTCATCTCACACACACACACTCTCTCTCTCTCTCTATCTCACTCTTTTCTTTGCCT	33	20	0	0	15	0	0	35	0	0	0	0	0	69	27	13	0	26	7	0	35	34	50	0	0	0	0	46	0	0	0	0	0	0	0	18	17	0	0	0	32	53	0	0	0	0	1	1	0	55	27	0	0	0	0	0	0	28	43	37	21
4887442	TGCAGGTGGGTGTGTCACGTAGTCCTGATCCATTTCTGCCTTAGCTTAGCCACCATGTCGCTATCTTCACAGCATAGCTGCATAGCCTGATGGTT	33	22	0	0	37	0	20	56	55	0	0	0	0	62	30	28	0	17	10	0	66	23	55	0	0	0	0	63	0	0	0	0	0	0	0	30	24	0	61	0	37	75	85	0	45	0	0	0	0	70	32	0	0	0	0	29	0	45	49	32	29
4988567	TGCAGGGTGAAAGGTGTGAAGCCATTTATAGCAAAAACTTATTGCTCCAAGTATGTTTGTTCACTCACTATTCCAAAGATGAATGAAGCATAGCA	33	7	0	0	30	0	0	31	47	0	0	0	0	61	31	16	0	14	17	0	39	20	33	0	0	0	0	32	0	0	0	0	0	0	0	20	14	0	38	0	49	43	39	0	0	0	0	0	0	49	17	0	0	0	0	0	0	37	23	38	24
5223068	TGCAGGACTGAGTGGGAACTGGAGCACATTCTGGCCCACTCCCACAATACACACATTCACCCCACCCAAATGCCAGCGAGGTTGGAATGTCTGGG	43	6	0	0	26	0	30	30	38	0	0	0	0	48	28	23	0	8	11	0	62	22	58	0	0	0	0	61	0	0	0	0	0	0	0	29	31	0	46	0	41	53	58	0	36	0	0	0	0	60	22	0	0	0	0	38	0	32	45	33	27
5584375	TGCAGGCCAGGTTTGAGTCCCCTCGAGTAATTGGGAGACTGTTCTGGACTTCTCCTGATCCATGGATGGCGAGCCTACCCAGGGAGCACGATAAT	97	15	0	0	48	0	40	77	106	0	0	0	0	110	96	45	0	34	29	0	123	34	98	0	0	0	0	77	0	0	0	0	0	0	0	62	33	0	117	0	74	112	114	0	120	0	0	0	0	130	46	0	0	0	0	50	0	75	108	55	43
6107760	TGCAGGATTGCATCTACGTGAAAATGAAATCAGGGACATTGAATTAGATTAATGTAACAATTACTTTTTGGAAACAGTACTGCTTACTTTCTTAA	42	8	0	0	19	0	19	38	34	0	0	1	0	51	29	16	0	12	16	0	33	19	28	0	0	0	0	53	0	0	0	0	0	0	0	22	11	0	37	0	30	45	34	0	34	0	0	0	0	37	22	0	0	0	0	21	0	32	35	22	21
6136189	TGCAGGAAGTTGGGTAAACTTGTAGTTTAAGGGAAAATTTTGTAGTCCGAACAGGACACACAGCAGAGATGCACAGGATATCACAGAACGTGAAG	30	12	0	0	25	0	0	36	1	0	0	0	0	64	36	25	0	11	13	0	55	27	46	0	0	0	0	58	0	0	0	0	0	0	0	29	11	0	0	0	34	45	0	0	0	0	0	0	0	57	39	0	0	0	0	0	0	45	50	14	45
6372317	TGCAGGTGGTCTAAGCATGCATTATAGATTATCATATTTAAGGTAAAATCTTTAAAGAGGCATACAAATGGCTGACAAATTAGATAGGGGTGGAT	22	4	0	0	17	0	21	12	28	0	0	0	0	44	28	14	0	8	16	0	33	14	28	0	0	0	0	30	0	0	0	0	0	0	0	17	16	0	26	0	21	36	53	0	39	0	0	0	0	39	29	0	0	0	0	17	0	19	17	25	19
6521177	TGCAGGAGTTTAAGCAGAGACCTTCCCTGGGATGATTTTATGAACTCAAAAATGGAAACATGATTACCAAGTAGAAATTTTCAAAATAATAAACC	24	7	0	0	23	0	0	17	0	0	0	0	0	35	42	11	0	7	12	0	30	12	25	0	0	0	0	23	1	0	0	0	0	0	0	20	4	0	1	0	30	28	0	0	0	0	0	0	0	28	14	0	0	0	0	0	0	25	30	14	19
6605068	TGCAGGGTATCTGATAATTGCCGATGCATAGCTGTTTATTGCCCGGGTCTTGTTCTTGCCATTGAGCTGGCTTCTCAGGACTTGTCTTACTCATT	57	19	0	0	38	0	0	48	0	0	0	0	0	62	56	31	0	27	9	0	63	26	58	0	0	0	0	57	0	0	0	0	0	0	0	40	16	0	0	0	45	62	1	0	0	0	0	0	0	66	39	0	0	0	0	0	0	38	38	34	33
6642596	TGCAGGCCCTGAGCCACGCCCACCACGATGAGCTGCACCGCATCCTTGTGGAGACGTGCCATGAAGGAGAGGGGTCAGCTTTGAGGACACGACTC	40	12	0	0	29	0	30	56	56	49	0	1	0	148	34	20	0	30	8	1	68	44	55	0	0	0	0	63	0	41	0	0	38	0	56	31	20	0	41	0	96	82	86	0	46	0	0	0	0	50	29	0	0	25	0	19	0	49	59	40	38
6727157	TGCAGGAGGAAAAGACACAGAAGACATTGAAGGAGCATCATCAGAAAGAGGCCAAGAGAAAAAAATACAATAAGTGAAAACTTCCTGTACCAGAA	24	3	0	0	18	0	0	11	0	0	0	0	0	29	35	16	0	7	3	0	31	18	20	0	0	0	0	41	0	0	0	0	0	0	0	26	6	0	0	0	25	29	0	0	0	0	0	0	0	29	22	0	0	0	1	0	0	32	23	20	16
7056444	TGCAGGTTCTGTAAGCACACTGCCACTTGTTACTATAAGACTTCTTTTTAAACCTACCCCAAGATCTTTTTTGTTCATTATTTTAATAGCAACCT	21	6	0	0	4	0	22	21	36	0	24	0	0	29	22	13	6	5	15	0	22	14	25	1	0	27	0	27	0	0	0	0	0	0	0	15	14	0	32	0	23	34	28	0	22	0	0	0	0	24	11	9	0	0	23	14	0	10	24	23	18
7417148	TGCAGGTAAGGTTGTTCATAATGTGTTTAGTTAACGTTAGTCAACTATGTGTACCGTTATTGGATAAATGCATTTCTACCTGAACAAATTAATGT	22	3	0	0	17	0	10	19	20	0	0	0	0	27	21	18	0	4	9	0	24	15	23	0	0	0	0	19	0	0	0	0	0	0	0	13	14	0	35	0	15	26	34	0	22	0	0	0	0	31	20	0	0	0	0	9	0	25	32	36	23
7784625	TGCAGGCCCTCACCCAAAAACTACACACACTTGGACTGAGCCCCACTCTATGCAACTGGGTCTTGGACTTCCTGACAGACAGACCACAGTCTGTG	81	28	0	0	58	0	67	86	131	0	0	0	0	149	89	52	0	36	32	0	132	47	112	0	0	0	0	113	0	0	0	0	0	0	0	57	47	0	111	0	79	126	124	0	108	0	0	0	0	140	87	0	0	0	0	48	0	101	106	56	71
7839334	TGCAGGTTCCTCTCTAAATTTTTTACATATGACTGCACCGGTTGATGGTTATTAGACAGCATTTTTTTTAAAAGACTGGGAATCTCTGCAGCAAG	31	10	0	0	11	0	22	23	27	0	0	0	0	43	34	16	0	23	10	0	27	14	19	0	0	0	0	37	0	0	0	0	0	0	0	23	13	0	26	0	23	31	45	0	33	0	0	0	0	25	17	0	0	0	0	17	0	25	30	24	16
7893660	TGCAGGATATACAAAGTTTTTAGCTTATCACTTTTTTTTTTGGTATTGTACACAGCAGAATGATTTTGGTCCAGCCTTTCTAGAATGTAGCTTTG	25	6	0	0	10	0	0	17	1	0	1	0	0	14	11	6	0	6	9	0	24	15	17	0	0	0	0	17	0	0	0	1	0	1	0	8	5	0	0	1	16	18	0	0	2	1	1	0	0	17	4	4	0	0	0	0	0	4	13	14	15
8010127	TGCAGGAGATGAAGAGGGACGGATTATTCCAGCCTGAAGATTCTCCTGAATGTACTCCTCCATTGCCTCCTGCTCAGGACGAGACAGAGGATATA	43	14	0	0	21	0	21	51	55	0	0	0	0	75	42	15	0	13	14	0	42	34	34	0	0	1	0	80	0	0	0	0	0	0	0	36	19	0	69	1	54	64	63	0	45	0	0	0	0	60	23	0	0	0	0	29	0	32	49	51	21
8014832	TGCAGGAGATGTGGAGAGGCATCAGAAACATCACAGACCACTGGAGCAGCACGCAGCAGATCACGTATGACCCCACCTTGCCTGATGCCTTAAAC	34	10	0	0	23	0	0	33	0	0	0	0	0	76	48	16	0	21	17	0	58	30	35	0	0	0	0	54	0	0	0	0	0	0	0	35	21	0	0	0	37	54	0	0	0	0	0	0	0	48	25	0	0	0	0	0	0	33	35	29	25
8094130	TGCAGGGTGTTCTTTAGACTTTATATATCAGTCCCATAAGCAAGGCACAGGCTCTGGGTACATCCAGGGGCCTCATTTATAAAACTTTGCGTAGG	34	9	0	0	21	0	0	28	0	0	0	0	0	51	32	26	0	12	15	0	42	28	65	0	0	0	0	51	0	0	0	0	0	0	0	22	15	0	0	0	40	38	0	0	0	0	0	0	0	40	10	0	0	0	0	0	0	27	53	28	23
8103543	TGCAGGCCATTACACAGGCACCTGCTCCATCAGATGCTGTGAGTCTTCGTTCATTCCTGGGAATGCTATCCTGGTATGGAAAATTTATTCCTAAT	56	17	0	0	36	0	0	39	0	0	0	0	0	86	46	13	0	23	9	0	56	20	56	0	0	0	0	58	0	0	0	0	0	0	0	28	26	0	0	0	34	55	1	0	0	0	0	0	0	74	51	0	0	0	0	0	0	41	36	39	36
8113765	TGCAGGCAAGAAACAAAAAGAATATGCAAATATATAAACATCACTTAAGATCTAACACCATCTTTAACAGTTAGTAAAACGTAGAGTGACCAGTT	41	9	2	0	8	0	13	26	35	2	0	0	0	50	31	17	3	12	11	0	40	20	29	0	0	0	1	31	0	0	0	5	0	0	0	29	7	0	49	0	25	51	42	0	47	2	0	1	4	36	13	0	0	0	0	17	1	32	26	26	20
8149207	TGCAGGCATTGTCACCTTGGGCACTGGGACAAGGCATGAGGTCTTCAATAAGCCAGGGACACATCCCGTCTGAAAACTCCTGTTGATGATGGTTT	51	16	0	0	33	0	0	54	0	0	0	0	0	68	47	18	0	16	15	0	63	15	54	0	0	0	0	61	0	0	0	0	0	0	0	45	18	0	0	0	52	73	0	0	0	0	0	0	0	71	28	0	0	0	0	0	0	44	48	42	46
8221305	TGCAGGTGCAAGAATGCATCACATGCTGTGCAAAATACGGAGGACAATGTGCCATGCTTTAAATCAGTGTGGAAATATACAGTGGAATAACAAAT	47	5	0	0	27	0	0	39	3	0	0	0	0	60	30	15	0	21	23	0	61	29	50	0	0	0	0	55	0	0	0	0	0	0	0	34	11	0	0	0	38	58	0	0	0	0	0	0	0	34	34	0	0	0	0	0	0	40	32	46	25
8256229	TGCAGGGCAGAGAAGGGCGAACAACAGCATACACCTCTGATGAAACAGGAAACTTCAAAAATACACAATTAGCTTCATAAATGAATAACGATTCT	27	9	0	0	20	0	0	27	0	0	0	0	0	26	26	3	0	2	8	0	30	20	17	0	0	0	0	39	0	0	0	0	0	0	0	19	9	0	1	0	22	22	0	0	39	0	0	0	0	39	15	0	0	0	0	0	0	24	16	21	19
8484815	TGCAGGGGAGGGAATGAGAGGCAGGCTGGATTTGTGCAGGGGGAGCGACTGAAGGCAGGCTGGATCGTGCTTTGTCTGAGAGCCGCCCGCAGGCA	52	23	0	0	31	0	0	39	74	0	0	0	0	92	54	20	0	22	24	0	58	39	67	0	0	0	0	86	1	0	0	0	0	0	0	38	19	0	52	0	37	84	63	0	0	0	1	0	0	59	26	0	0	0	0	0	0	49	51	42	46
8504698	TGCAGGGATGAAGGACTATAGACCAGTTGCCTTGACATCTGTCCTAATAAAGACTTTAATGAGGCTGCTTCTTCGGCAGCTCAAACCTCAGGTGA	53	15	0	0	31	0	0	52	0	0	0	0	0	90	35	24	0	7	19	2	69	19	48	0	0	0	0	72	0	0	0	0	0	0	0	39	19	0	0	0	41	50	0	0	0	0	0	0	0	52	27	0	0	0	0	0	0	36	35	44	38
8566383	TGCAGGCTGCAAAAAATGTTCACATGTCAACATGTACACAAAACAGATAGTTTTCACGAACGCATACCTATGCCTTTAAACCAACTAGTGTGAAA	61	20	0	0	40	0	36	65	68	0	0	0	0	98	70	31	0	29	27	0	70	37	58	0	0	0	0	71	0	0	0	0	0	0	0	39	35	0	70	0	61	76	75	0	77	0	0	0	0	86	40	0	0	0	0	39	0	55	79	46	22
8576163	TGCAGGTTATCAGTTTTTATATCATGGTCTGGGTGAATACTCGATTCTGATTGGCTGCTGGGTGTACATTAAAAAGTCACCTAGCTTAAATGTTT	20	0	0	0	12	0	27	30	31	0	0	0	0	46	28	13	0	8	13	0	30	15	27	0	0	0	0	41	0	0	0	0	0	0	0	14	11	0	32	0	14	19	35	0	27	0	0	0	0	34	13	0	0	0	0	24	0	17	29	20	8
8878158	TGCAGGCTCTGCCCAGGGCGTCCCCTTGTCTCACACTCATCCCTGGCATCCCAGAACTTCCCTTCATGCCTCTTTGACAGTTTCAGATCAGAGGT	27	11	0	0	15	0	0	29	32	0	0	0	0	24	33	12	0	16	16	0	47	22	30	0	0	0	0	42	0	0	0	0	0	0	0	17	11	0	53	0	42	40	66	0	46	0	1	0	0	34	32	0	0	0	0	0	0	29	30	21	34
8892819	TGCAGGAAAGGCCTCACTGGGAGAATATTAAGCTGATTTAGCCAAACATCTTCCTTTTCTATTACATAACTAATAAGTGAAGGACCTCTAGTTCA	32	5	0	0	22	0	0	29	0	0	0	0	0	45	28	18	0	12	8	0	45	24	34	0	0	0	0	46	0	0	0	0	0	0	0	22	16	0	0	0	31	30	0	0	42	0	0	0	0	32	12	0	0	0	0	0	0	28	37	35	23
9105114	TGCAGGGACATGTTCAGTTCATCCAGTTTCCTGAATATATCTGGCAGATAGCAAAGCAAGTCAGTCCATGTTCTCAAGCATGGTGGCATGGGGAG	48	18	0	0	30	0	51	55	55	0	0	0	0	92	46	19	0	10	23	1	68	35	64	0	0	0	0	88	0	0	0	0	0	0	0	34	21	0	62	0	55	78	69	0	62	0	0	0	0	65	34	0	0	0	0	38	0	46	59	32	27
9182762	TGCAGGTTTTCCTATGGAGAGAGTGGGGATTGATGTTCTAGGCCCCTTTCCTTGGTCAGAAAAGGGTAACCGGTTCATTCTCACTTCAATGGATT	44	20	0	0	20	0	0	43	0	0	0	0	0	44	34	23	0	18	15	0	49	24	32	0	0	0	0	41	0	0	0	0	0	0	0	31	22	0	0	0	32	58	0	0	0	0	0	0	0	47	26	0	0	0	0	0	0	30	46	33	7
9185716	TGCAGGACCAAACCCGCTCTGTAACCATGACCATGAAACACAAATTTAATGAAACTTAGAAAACAAGTTTAGCTCAGAAAAAAAGCCTGTGAAAT	20	2	0	0	15	0	13	19	31	0	0	0	0	28	17	7	0	7	3	0	21	9	15	0	0	0	0	11	0	0	0	0	0	0	0	14	9	0	32	0	20	20	18	0	26	0	0	0	0	24	19	0	0	0	0	8	0	16	18	24	14
9375199	TGCAGGATTGCATCTACATGAAAATGAAATCAGGGACATTGAATTAGATTAATGTAACAATTACTTTTTGGAAACACAATTTTCCAGCGCTGCTT	28	12	1	0	18	0	14	44	39	0	0	0	0	55	56	16	0	13	7	0	52	18	47	0	0	0	0	47	0	0	0	0	0	0	0	20	14	0	36	0	34	39	43	0	54	0	0	0	0	47	16	0	0	0	0	16	0	35	19	42	5
9419815	TGCAGGTGACGGGGGTCCTACGCGGCTGCGTAATTCGCGTATAGGGAGGGCCGGCCATGTCCACAAGACAATCATTTCTCAGCTGACTTAACAGT	27	6	0	0	13	0	11	21	32	0	0	0	0	40	28	13	0	9	14	0	42	10	33	0	0	0	0	39	0	0	0	0	0	0	0	16	20	0	49	0	20	39	45	0	50	0	0	0	0	46	21	0	0	0	0	15	0	24	21	14	22
9427114	TGCAGGGTATCTGATATATATATATATATATGTGTGTGTGTGTGTGTGTGCAGAATTAAGATTAAAATAGTGTTTAATAAACATAGTATTATGAA	7	8	0	0	6	0	7	9	23	0	0	0	0	16	14	5	0	5	7	0	10	8	20	0	0	0	0	17	0	0	0	0	0	0	0	18	7	0	18	0	17	15	19	0	18	0	1	0	0	16	11	0	0	0	0	10	0	5	13	19	7
9476952	TGCAGGGTATCTGATAACGGTCAGTGCGTAGCTGTTTATTGCCCGGGTCTTATTTTTGCCATTGAGCTGGCTTCTCAGGACTTGCCTTACTCGTT	58	22	1	0	36	0	0	49	0	0	0	0	0	90	65	27	0	17	17	0	92	32	74	1	0	0	1	66	0	0	0	0	0	0	0	43	22	0	0	0	60	71	0	0	0	1	0	0	0	90	46	0	0	0	0	1	0	59	50	59	39
9552881	TGCAGGACGCAAAATCTCATACAAGCGTCTTGACTTGTCTGAAGAGGAGTCTTGTGACTGATAAAAAATATGCGAAGATGTGAAACAGCGAATAT	23	5	0	0	18	0	0	34	0	0	0	0	0	47	46	14	0	20	7	0	32	18	29	0	0	0	0	40	0	0	0	0	0	0	0	25	12	0	0	0	21	21	0	0	0	0	0	0	0	35	23	0	0	0	0	0	0	19	21	29	25
9577248	TGCAGGTCTGCTGTGTATAACGTGCACAGACATGGCTGTGATGGCAGGAAACAGTGGAGAGACCTGCTATAGCAAATACGGTTCCATTTCCATCA	32	10	0	0	20	0	0	46	0	0	0	0	0	69	48	23	0	12	13	0	76	28	49	0	0	0	0	72	0	0	0	0	0	0	0	38	16	0	0	0	40	64	0	0	70	0	0	0	0	58	42	0	0	0	0	0	0	55	57	45	25
9722290	TGCAGGCAGCACAAAACATCTGGTGCAATCAAATGTGATCCAATTCAAGCTTACGAAAGGGGTGGCCCTCCGCACGAGAAGACAGTATGTCCTAT	23	6	0	0	25	0	26	37	23	0	0	0	0	38	49	9	0	8	8	0	38	18	38	0	0	0	0	34	0	15	0	0	0	0	28	16	14	0	40	0	35	35	45	0	34	1	0	0	0	25	24	0	0	8	0	14	0	13	37	22	20
9759918	TGCAGGAATGTCACTGTCAGTCACATGTTATGAGGACAAACACAGCAACCTTATGGAAAAAAGTTTAGCTTTCATAATGTGCATTCCTTGTTAAT	24	15	0	0	15	0	13	32	26	0	0	0	0	34	24	11	0	16	9	0	37	15	19	0	0	0	0	28	0	0	0	0	0	0	0	21	6	0	29	0	26	19	26	0	47	0	0	0	0	32	10	0	0	0	0	10	0	30	23	26	15
9760492	TGCAGGGTATCTGATAACTGGCAGTGCGTAGCTGTTTATTGCCCGGGTCTTATTCTTGCCATTGAGCTGGCTTCTCAGGACTTGCTTTACTTGTT	86	20	0	0	44	0	0	67	0	0	0	0	0	109	48	21	0	32	16	0	94	34	59	0	0	0	0	86	0	0	0	0	0	0	0	33	16	0	0	0	47	80	0	0	0	0	0	0	0	101	32	0	0	0	0	1	0	70	68	64	40
9792401	TGCAGGAACAAGATTGCGTCCACTGTACCAGGTTTCAGTGAAGTTCTCCGCTAATCTATCGTACGGCCAGCTGCGCTAAAATCTTGCTCACTGCT	50	14	0	0	36	0	40	59	55	0	0	0	0	64	58	15	0	17	17	0	83	54	44	0	0	0	0	83	0	0	0	0	0	0	0	33	20	0	71	0	48	72	94	0	71	0	0	0	0	61	46	0	0	0	0	30	0	46	44	54	59
9796961	TGCAGGTCAATCAACATCCCTTCCTGCTACAAAATCAGCACTCAATTATAAAATTCAGTCAGAAATGACAGACACGCCTCTGATAAGAAACAATG	19	4	0	0	11	0	18	23	31	0	0	0	0	29	21	14	0	6	8	0	15	19	19	0	0	0	0	27	0	0	0	0	0	0	0	19	8	0	24	0	16	29	24	0	25	0	0	0	0	18	20	0	0	0	0	23	0	22	25	21	21
9814810	TGCAGGGTCTTTGAGGTAAAGTTCCATTAGTTGTTGTCACACACCTGGTTGTGCAAATTGCCACATTTGACCCCGATGCAGCCAGATCGCGTTCT	41	13	0	0	23	0	17	45	39	0	0	0	0	53	54	11	0	16	13	0	48	25	40	0	0	0	0	40	1	0	0	1	0	0	0	22	11	1	57	0	52	52	71	0	41	0	0	0	0	54	16	0	0	0	0	24	0	37	50	18	30
9846490	TGCAGGATAATCGATATCATACAACAGAACAAGATTTTGGATCTTAAAATTTGAACATTTTGTGTTGTCTCAAATAAAAGCACAGGATAAGTAAT	13	3	0	0	5	0	13	9	12	0	0	0	0	18	27	7	0	6	7	0	19	5	20	0	0	0	0	19	0	0	0	0	0	0	0	11	11	0	23	0	19	13	15	0	19	0	0	0	0	26	14	15	0	0	0	16	0	25	17	15	15
9915001	TGCAGGAGGTGGGACTGCACCAACCTTTTGTGTGAGGAGCGTTGATGGGTAAGGATCAGTGGAGCCTCTAGGTCAGACGAGACAGGCACTAGTGG	59	9	0	0	23	0	42	68	83	0	0	0	0	102	51	26	0	22	17	0	77	38	61	0	0	0	0	65	0	0	0	0	0	0	0	44	19	0	79	0	60	70	85	0	69	0	0	0	0	81	47	0	0	0	0	41	0	53	48	37	42
9919854	TGCAGGCCAGGTTTTTGATTCCCACCCGAGAGTAATTGGGAGATGGTTCCGGACCGGATCGTTCTGGACTTCTCCTGATCCATGGATGGCGAGCC	26	5	0	0	19	0	23	29	51	0	0	0	0	54	47	12	0	8	14	0	56	14	44	0	0	0	0	45	0	0	0	0	0	0	0	22	4	0	74	0	34	45	49	0	46	0	0	0	0	45	17	0	0	0	0	28	0	30	44	41	24
9960380	TGCAGGGCAAGGACACCAGCATCCTGAACCTGTATGACAAGGTGGGGGGTTTCCTGAAGAAAGCAGAGATGTGGAAAAGGGCACGTGATCAGGAG	57	10	0	0	23	0	0	32	50	0	0	0	1	59	46	22	0	9	15	0	42	27	40	1	0	1	0	48	1	0	0	1	0	0	0	26	13	1	52	1	31	56	70	0	51	0	0	0	0	49	22	0	0	0	1	0	0	44	29	41	26
9994338	TGCAGGACCAAATAAAACTAGTTGCATGCAGGAAAGATCAAATGATTATTTATGCCGCTAAAATAGTCTGAAAAGACTGGAGTATTGTGTTGGGT	28	8	0	0	16	0	10	42	53	0	0	0	0	57	26	24	0	22	10	1	30	25	34	0	0	0	0	40	0	0	0	0	0	0	0	27	34	0	42	0	29	33	53	0	40	0	0	0	0	46	28	0	0	0	0	22	0	42	31	28	29
